date,merchant_clean,amount,category,source,month,cumulative_category_spend,monthly_spend_category,budget,budget_utilization,monthly_total_spend,other_ratio,rolling_mean,rolling_std,z_score,spike_anomaly,budget_anomaly,other_anomaly,any_anomaly
2023-09-18,WALMART SUPERCENTER WINDSOR,-45.52,Grocery,historical,September 2023,-45.52,-55.65,110,0.51,-190.92,0.06,-45.52,0.0,0.0,False,False,False,False
2023-09-18,GIGLIOS MARKET WINDSOR,-4.82,Food,historical,September 2023,-4.82,-87.53,120,0.73,-190.92,0.06,-4.82,0.0,0.0,False,False,False,False
2023-09-18,HM DEVONSHIRE MALL WINDSOR,-4.23,Shopping,historical,September 2023,-4.23,-24.03,0,24.03,-190.92,0.06,-4.23,0.0,0.0,False,True,False,True
2023-09-18,DOLLARAMA WINDSOR,-12.45,Shopping,historical,September 2023,-16.68,-24.03,0,24.03,-190.92,0.06,-8.34,5.81,-0.71,False,True,False,True
2023-09-18,MCGRAW HILL,-42.94,Food,historical,September 2023,-47.76,-87.53,120,0.73,-190.92,0.06,-23.88,26.95,-0.71,False,False,False,False
2023-09-18,UBER TRIP TORONTO,-25.26,Food,historical,September 2023,-73.02,-87.53,120,0.73,-190.92,0.06,-24.34,19.08,-0.05,False,False,False,False
2023-09-18,GIGLIOS MARKET WINDSOR,-6.5,Food,historical,September 2023,-79.52,-87.53,120,0.73,-190.92,0.06,-19.88,17.95,0.75,False,False,False,False
2023-09-19,CEI ENGINEERING WINDSOR,-2.4,Food,historical,September 2023,-81.92,-87.53,120,0.73,-190.92,0.06,-16.38,17.4,0.8,False,False,False,False
2023-09-19,QUESADA BURRITOS TACOS TORONTO,-23.71,Other,historical,September 2023,-23.71,-23.71,100,0.24,-190.92,0.06,-23.71,0.0,0.0,False,False,False,False
2023-09-19,CAW MARKET WINDSOR,-3.34,Grocery,historical,September 2023,-48.86,-55.65,110,0.51,-190.92,0.06,-24.43,29.83,0.71,False,False,False,False
2023-09-21,CAW STARBUCKS WINDSOR,-3.94,Food,historical,September 2023,-85.86,-87.53,120,0.73,-190.92,0.06,-16.21,17.55,0.7,False,False,False,False
2023-09-26,CAW MARKET WINDSOR,-2.09,Grocery,historical,September 2023,-50.95,-55.65,110,0.51,-190.92,0.06,-16.98,24.72,0.6,False,False,False,False
2023-09-27,DOLLARAMA WINDSOR,-7.35,Shopping,historical,September 2023,-24.03,-24.03,0,24.03,-190.92,0.06,-8.01,4.15,0.16,False,True,False,True
2023-09-27,CAW MARKET WINDSOR,-2.09,Grocery,historical,September 2023,-53.04,-55.65,110,0.51,-190.92,0.06,-13.26,21.51,0.52,False,False,False,False
2023-09-27,CAW MARKET WINDSOR,-2.61,Grocery,historical,September 2023,-55.65,-55.65,110,0.51,-190.92,0.06,-11.13,19.23,0.44,False,False,False,False
2023-09-28,CEI ENGINEERING WINDSOR,-1.67,Food,historical,September 2023,-87.53,-87.53,120,0.73,-190.92,0.06,-7.95,9.85,0.64,False,False,False,False
2023-10-03,STAG SHOP INC WINDSOR,-45.31,Other,historical,October 2023,-45.31,-1.24,100,0.01,-454.56,0.06,-34.51,15.27,-0.71,False,False,False,False
2023-10-03,MCDONALDS WINDSOR,-2.09,Food,historical,October 2023,-2.09,-138.1,120,1.15,-454.56,0.06,-3.32,1.97,0.62,False,True,False,True
2023-10-03,UBER CANADAUBERTRIP TORONTO,-10.9,Food,historical,October 2023,-12.99,-138.1,120,1.15,-454.56,0.06,-4.2,3.84,-1.74,False,True,False,True
2023-10-03,CAW MARKET WINDSOR,-3.23,Grocery,historical,October 2023,-3.23,-236.09,110,2.15,-454.56,0.06,-2.67,0.6,-0.93,False,True,False,True
2023-10-03,UBER CANADAUBERTRIP TORONTO,-1.83,Food,historical,October 2023,-14.82,-138.1,120,1.15,-454.56,0.06,-4.09,3.92,0.58,False,True,False,True
2023-10-03,UBER CANADAUBERTRIP TORONTO,-10.83,Food,historical,October 2023,-25.65,-138.1,120,1.15,-454.56,0.06,-5.46,4.93,-1.09,False,True,False,True
2023-10-03,GIGLIOS MARKET WINDSOR,-6.5,Food,historical,October 2023,-32.15,-138.1,120,1.15,-454.56,0.06,-6.43,4.45,-0.02,False,True,False,True
2023-10-03,DOLLARAMA WINDSOR,-21.89,Shopping,historical,October 2023,-21.89,-60.06,0,60.06,-454.56,0.06,-11.48,7.72,-1.35,False,True,False,True
2023-10-03,IC INSTACART HALIFAX MIDH,-119.83,Grocery,historical,October 2023,-123.06,-236.09,110,2.15,-454.56,0.06,-25.97,52.47,-1.79,False,True,False,True
2023-10-03,FREEDOM MOBILE,-44.07,Utility,historical,October 2023,-44.07,-44.07,39,1.13,-454.56,0.06,-44.07,0.0,0.0,False,True,False,True
2023-10-04,MCDONALDS WINDSOR,-7.44,Food,historical,October 2023,-39.59,-138.1,120,1.15,-454.56,0.06,-7.5,3.74,0.02,False,True,False,True
2023-10-04,CAW MARKET WINDSOR,-2.4,Grocery,historical,October 2023,-125.46,-236.09,110,2.15,-454.56,0.06,-26.03,52.44,0.45,False,True,False,True
2023-10-05,MISC CHARGE,44.07,Other,historical,October 2023,-1.24,-1.24,100,0.01,-454.56,0.06,-8.32,46.64,1.12,False,False,False,False
2023-10-06,WALMART SUPERCENTER WINDSOR,-14.2,Grocery,historical,October 2023,-139.66,-236.09,110,2.15,-454.56,0.06,-28.45,51.32,0.28,False,True,False,True
2023-10-06,PIZZA PIZZA WINDSOR,-14.93,Food,historical,October 2023,-54.52,-138.1,120,1.15,-454.56,0.06,-8.31,4.9,-1.35,False,True,False,True
2023-10-06,WALMARTCA MISSISSAUGA,-25.6,Grocery,historical,October 2023,-165.26,-236.09,110,2.15,-454.56,0.06,-33.05,49.42,0.15,False,True,False,True
2023-10-10,PIZZA PIZZA WINDSOR,-10.16,Food,historical,October 2023,-64.68,-138.1,120,1.15,-454.56,0.06,-9.97,3.31,-0.06,False,True,False,True
2023-10-10,WALMARTCA MISSISSAUGA,-11.05,Grocery,historical,October 2023,-176.31,-236.09,110,2.15,-454.56,0.06,-34.62,48.35,0.49,False,True,False,True
2023-10-10,WALMARTCA MISSISSAUGA,-13.99,Grocery,historical,October 2023,-190.3,-236.09,110,2.15,-454.56,0.06,-13.45,8.31,-0.06,False,True,False,True
2023-10-17,CEI ENGINEERING WINDSOR,-1.67,Food,historical,October 2023,-66.35,-138.1,120,1.15,-454.56,0.06,-8.14,4.88,1.33,False,True,False,True
2023-10-18,GIGLIOS MARKET WINDSOR,-3.5,Food,historical,October 2023,-69.85,-138.1,120,1.15,-454.56,0.06,-7.54,5.3,0.76,False,True,False,True
2023-10-20,AMAZONCATDKCNX AMAZONCA,-6.76,Shopping,historical,October 2023,-28.65,-60.06,0,60.06,-454.56,0.06,-10.54,7.01,0.54,False,True,False,True
2023-10-20,AMZN MKTP CATDNZF WWWAMAZONCA,-27.45,Shopping,historical,October 2023,-56.1,-60.06,0,60.06,-454.56,0.06,-15.18,9.15,-1.34,False,True,False,True
2023-10-23,LCBORAO WINDSOR,-31.45,Food,historical,October 2023,-101.3,-138.1,120,1.15,-454.56,0.06,-12.34,11.92,-1.6,False,True,False,True
2023-10-23,DOLLARAMA WINDSOR,-3.96,Shopping,historical,October 2023,-60.06,-60.06,0,60.06,-454.56,0.06,-13.48,10.48,0.91,False,True,False,True
2023-10-24,PIZZA PIZZA WINDSOR,-26.54,Food,historical,October 2023,-127.84,-138.1,120,1.15,-454.56,0.06,-14.66,13.57,-0.88,False,True,False,True
2023-10-24,CEI ENGINEERING WINDSOR,-2.09,Food,historical,October 2023,-129.93,-138.1,120,1.15,-454.56,0.06,-13.05,14.67,0.75,False,True,False,True
2023-10-24,GIGLIOS MARKET WINDSOR,-6.5,Food,historical,October 2023,-136.43,-138.1,120,1.15,-454.56,0.06,-14.02,13.88,0.54,False,True,False,True
2023-10-24,CAW MARKET WINDSOR,-3.34,Grocery,historical,October 2023,-193.64,-236.09,110,2.15,-454.56,0.06,-13.64,8.0,1.29,False,True,False,True
2023-10-24,CASHBACKREMISE EN ARGENT,25.0,cashback,historical,October 2023,25.0,25.0,10,2.5,-454.56,0.06,25.0,0.0,0.0,False,True,False,True
2023-10-26,WALMARTCA MISSISSAUGA,-36.26,Grocery,historical,October 2023,-229.9,-236.09,110,2.15,-454.56,0.06,-18.05,12.95,-1.41,False,True,False,True
2023-10-30,CAW MARKET WINDSOR,-6.19,Grocery,historical,October 2023,-236.09,-236.09,110,2.15,-454.56,0.06,-14.17,13.03,0.61,False,True,False,True
2023-10-31,CEI ENGINEERING WINDSOR,-1.67,Food,historical,October 2023,-138.1,-138.1,120,1.15,-454.56,0.06,-13.65,14.24,0.84,False,True,False,True
2023-11-02,PAYMENT THANK YOUPAIEMEN T MERCI,557.0,Bills,historical,November 2023,557.0,557.17,300,1.86,312.25,0.07,557.0,0.0,0.0,False,True,False,True
2023-11-02,FREEDOM MOBILE,-44.07,Utility,historical,November 2023,-44.07,-44.07,39,1.13,312.25,0.07,-44.07,0.0,0.0,False,True,False,True
2023-11-03,WALMARTCA MISSISSAUGA,-84.06,Grocery,historical,November 2023,-84.06,-139.6,110,1.27,312.25,0.07,-28.77,33.5,-1.65,False,True,False,True
2023-11-06,PAYMENT THANK YOUPAIEMEN T MERCI,0.17,Bills,historical,November 2023,557.17,557.17,300,1.86,312.25,0.07,278.58,393.74,-0.71,False,True,False,True
2023-11-06,DOLLARAMA WINDSOR,-12.11,Shopping,historical,November 2023,-12.11,-21.41,0,21.41,312.25,0.07,-14.43,9.99,0.23,False,True,False,True
2023-11-09,CAW MARKET WINDSOR,-1.67,Grocery,historical,November 2023,-85.73,-139.6,110,1.27,312.25,0.07,-26.3,35.26,0.7,False,True,False,True
2023-11-10,CAW MARKET WINDSOR,-1.56,Grocery,historical,November 2023,-87.29,-139.6,110,1.27,312.25,0.07,-25.95,35.56,0.69,False,True,False,True
2023-11-10,RANIS VARIETY STORE WINDSOR,-16.94,Other,historical,November 2023,-16.94,-16.94,100,0.17,312.25,0.07,-10.47,38.32,-0.17,False,False,False,False
2023-11-10,CAW MARKET WINDSOR,-2.58,Grocery,historical,November 2023,-89.87,-139.6,110,1.27,312.25,0.07,-19.21,36.3,0.46,False,True,False,True
2023-11-14,PIZZA PIZZA WINDSOR,-10.16,Food,historical,November 2023,-10.16,-22.9,120,0.19,312.25,0.07,-9.39,10.2,-0.08,False,False,False,False
2023-11-14,GIGLIOS MARKET WINDSOR,-10.65,Food,historical,November 2023,-20.81,-22.9,120,0.19,312.25,0.07,-6.21,4.27,-1.04,False,False,False,False
2023-11-14,CEI ENGINEERING WINDSOR,-2.09,Food,historical,November 2023,-22.9,-22.9,120,0.19,312.25,0.07,-6.21,4.27,0.96,False,False,False,False
2023-11-23,DOLLARAMA WINDSOR,-9.3,Shopping,historical,November 2023,-21.41,-21.41,0,21.41,312.25,0.07,-11.92,9.19,0.29,False,True,False,True
2023-11-27,IC INSTACART HALIFAX MIDH,-49.73,Grocery,historical,November 2023,-139.6,-139.6,110,1.27,312.25,0.07,-27.92,37.59,-0.58,False,True,False,True
2023-12-04,FREEDOM MOBILE,-44.07,Utility,historical,December 2023,-44.07,-44.07,39,1.13,452.95,0.11,-44.07,0.0,0.0,False,True,False,True
2023-12-05,PAYMENT THANK YOUPAIEMEN T MERCI,318.27,Bills,historical,December 2023,318.27,636.54,300,2.12,452.95,0.11,291.81,279.36,0.09,False,True,False,True
2023-12-11,CAW MARKET WINDSOR,-1.56,Grocery,historical,December 2023,-1.56,-83.5,110,0.76,452.95,0.11,-11.42,21.42,0.46,False,False,False,False
2023-12-14,PIZZA PIZZA WINDSOR,-10.16,Food,historical,December 2023,-10.16,-10.16,120,0.08,452.95,0.11,-6.95,4.63,-0.69,False,False,False,False
2023-12-18,CASHBACKREMISE EN ARGENT,15.1,cashback,historical,December 2023,15.1,15.1,10,1.51,452.95,0.11,20.05,7.0,-0.71,False,True,False,True
2023-12-27,AMAZONCAXFYQ AMAZONCA,-16.26,Shopping,historical,December 2023,-16.26,-16.26,0,16.26,452.95,0.11,-13.82,8.84,-0.28,False,True,False,True
2023-12-27,SHEINCOM TORONTO,-44.7,Other,historical,December 2023,-44.7,-44.7,100,0.45,452.95,0.11,-17.32,36.55,-0.75,False,False,False,False
2023-12-28,IC INSTACART HALIFAX MIDH,-81.94,Grocery,historical,December 2023,-83.5,-83.5,110,0.76,452.95,0.11,-27.47,36.83,-1.48,False,False,False,False
2023-12-29,PAYMENT THANK YOUPAIEMEN T MERCI,318.27,Bills,historical,December 2023,636.54,636.54,300,2.12,452.95,0.11,298.43,228.48,0.09,False,True,False,True
2024-01-02,TIM HORTONS CAMBRIDGE,-1.98,Food,historical,January 2024,-1.98,-14.81,120,0.12,-196.01,0.06,-7.01,4.54,1.11,False,False,False,False
2024-01-02,TIM HORTONS MONTREAL,-2.63,Food,historical,January 2024,-4.61,-14.81,120,0.12,-196.01,0.06,-5.5,4.49,0.64,False,False,False,False
2024-01-02,TIM HORTONS MONTREAL,-1.94,Food,historical,January 2024,-6.55,-14.81,120,0.12,-196.01,0.06,-3.76,3.59,0.51,False,False,False,False
2024-01-02,FREEDOM MOBILE,-44.07,Utility,historical,January 2024,-44.07,-44.07,39,1.13,-196.01,0.06,-44.07,0.0,0.0,False,True,False,True
2024-01-02,SHOPPERS DRUG MART WINDSOR,-4.79,Shopping,historical,January 2024,-4.79,-78.45,0,78.45,-196.01,0.06,-9.28,5.13,0.88,False,True,False,True
2024-01-08,DOLLARAMA WINDSOR,-0.38,Shopping,historical,January 2024,-5.17,-78.45,0,78.45,-196.01,0.06,-8.57,6.2,1.32,False,True,False,True
2024-01-08,DOLLARAMA WINDSOR,-52.99,Shopping,historical,January 2024,-58.16,-78.45,0,78.45,-196.01,0.06,-16.74,21.1,-1.72,False,True,False,True
2024-01-12,TIM HORTONS QTH MISSISSAUGA,-3.03,Food,historical,January 2024,-9.58,-14.81,120,0.12,-196.01,0.06,-3.95,3.5,0.26,False,False,False,False
2024-01-23,PAYMENT THANK YOUPAIEMEN T MERCI,36.16,Bills,historical,January 2024,36.16,36.16,300,0.12,-196.01,0.06,245.97,230.02,-0.91,False,False,False,False
2024-01-26,HM DEVONSHIRE MALL WINDSOR,-9.03,Shopping,historical,January 2024,-67.19,-78.45,0,78.45,-196.01,0.06,-16.69,21.12,0.36,False,True,False,True
2024-01-29,IC INSTACART HALIFAX MIDH,-58.0,Grocery,historical,January 2024,-58.0,-69.66,110,0.63,-196.01,0.06,-38.76,35.52,-0.54,False,False,False,False
2024-01-29,TIM HORTONS WINDSOR,-3.14,Food,historical,January 2024,-12.72,-14.81,120,0.12,-196.01,0.06,-2.54,0.57,-1.05,False,False,False,False
2024-01-29,MARKS STORE WINDSOR,-25.18,Other,historical,January 2024,-25.18,-25.18,100,0.25,-196.01,0.06,-17.61,36.62,-0.21,False,False,False,False
2024-01-29,IC INSTACART HALIFAX MIDH,-11.66,Grocery,historical,January 2024,-69.66,-69.66,110,0.63,-196.01,0.06,-40.58,33.38,0.87,False,False,False,False
2024-01-29,MCDONALDS WINDSOR,-2.09,Food,historical,January 2024,-14.81,-14.81,120,0.12,-196.01,0.06,-2.57,0.54,0.89,False,False,False,False
2024-01-30,DOLLARAMA WINDSOR,-11.26,Shopping,historical,January 2024,-78.45,-78.45,0,78.45,-196.01,0.06,-15.69,21.26,0.21,False,True,False,True
2024-02-01,PIZZA PIZZA WINDSOR,-10.16,Food,historical,February 2024,-10.16,-34.51,120,0.29,-85.02,0.08,-4.07,3.45,-1.77,False,False,False,False
2024-02-02,FREEDOM MOBILE,-44.07,Utility,historical,February 2024,-44.07,-152.96,39,3.92,-85.02,0.08,-44.07,0.0,0.0,False,True,False,True
2024-02-05,CAFFEINE AND COMPANY AMHERSTBURG,-9.32,Other,historical,February 2024,-9.32,-9.32,100,0.09,-85.02,0.08,-10.41,33.19,0.03,False,False,False,False
2024-02-05,ARDENE LASALLE,-6.73,Shopping,historical,February 2024,-6.73,-6.73,0,6.73,-85.02,0.08,-16.08,21.03,0.44,False,True,False,True
2024-02-12,TIM HORTONS WINDSOR,-2.72,Food,historical,February 2024,-12.88,-34.51,120,0.29,-85.02,0.08,-4.23,3.34,0.45,False,False,False,False
2024-02-16,IC INSTACART HALIFAX MIDH,-33.15,Grocery,historical,February 2024,-33.15,-74.86,110,0.68,-85.02,0.08,-37.26,33.07,0.12,False,False,False,False
2024-02-20,SK GROCERS WINDSOR,-41.71,Grocery,historical,February 2024,-74.86,-74.86,110,0.68,-85.02,0.08,-45.29,26.44,0.14,False,False,False,False
2024-02-20,TIM HORTONS WINDSOR,-1.05,Food,historical,February 2024,-13.93,-34.51,120,0.29,-85.02,0.08,-3.83,3.62,0.77,False,False,False,False
2024-02-20,FIDO MOBILE,-108.89,Utility,historical,February 2024,-152.96,-152.96,39,3.92,-85.02,0.08,-57.03,28.99,-1.79,False,True,False,True
2024-02-22,PAYMENT THANK YOUPAIEMEN T MERCI,193.36,Bills,historical,February 2024,193.36,193.36,300,0.64,-85.02,0.08,173.25,151.01,0.13,False,False,False,False
2024-02-26,DOORDASHPIZZADEPOT DOWNTOWN TORO,-19.53,Food,historical,February 2024,-33.46,-34.51,120,0.29,-85.02,0.08,-7.11,7.82,-1.59,False,False,False,False
2024-02-29,TIM HORTONS WINDSOR,-1.05,Food,historical,February 2024,-34.51,-34.51,120,0.29,-85.02,0.08,-6.9,8.0,0.73,False,False,False,False
2024-03-04,TIM HORTONS WINDSOR,-1.88,Food,historical,March 2024,-1.88,-15.71,120,0.13,-389.76,0.0,-5.25,8.01,0.42,False,False,False,False
2024-03-05,AMAZON DOWNTOWN TORO,-132.76,Shopping,historical,March 2024,-132.76,-250.26,0,250.26,-389.76,0.0,-42.55,53.93,-1.67,False,True,False,True
2024-03-05,IC INSTACART HALIFAX MIDH,-34.58,Grocery,historical,March 2024,-34.58,-85.37,110,0.78,-389.76,0.0,-35.82,16.73,0.07,False,False,False,False
2024-03-07,AMAZON DOWNTOWN TORO,-27.12,Shopping,historical,March 2024,-159.88,-250.26,0,250.26,-389.76,0.0,-37.38,53.92,0.19,False,True,False,True
2024-03-15,MCDONALDS WINDSOR,-2.09,Food,historical,March 2024,-3.97,-15.71,120,0.13,-389.76,0.0,-5.12,8.07,0.38,False,False,False,False
2024-03-15,SK GROCERS WINDSOR,-2.49,Grocery,historical,March 2024,-37.07,-85.37,110,0.78,-389.76,0.0,-24.72,16.75,1.33,False,False,False,False
2024-03-18,TIM HORTONS WINDSOR,-1.05,Food,historical,March 2024,-5.02,-15.71,120,0.13,-389.76,0.0,-5.12,8.07,0.5,False,False,False,False
2024-03-18,UBER EATS TORONTO,-6.71,Food,historical,March 2024,-11.73,-15.71,120,0.13,-389.76,0.0,-2.56,2.37,-1.75,False,False,False,False
2024-03-19,AMZN MKTP CARHL WWWAMAZONCA,-24.85,Shopping,historical,March 2024,-184.73,-250.26,0,250.26,-389.76,0.0,-40.54,52.28,0.3,False,True,False,True
2024-03-19,FIDO MOBILE,-38.42,Utility,historical,March 2024,-38.42,-38.42,39,0.99,-389.76,0.0,-55.9,29.72,0.59,False,False,False,False
2024-03-21,IC INSTACART HALIFAX MIDH,-48.3,Grocery,historical,March 2024,-85.37,-85.37,110,0.78,-389.76,0.0,-32.05,17.6,-0.92,False,False,False,False
2024-03-25,AMZN MKTP CARHLVNW WWWAMAZONCA,-65.53,Shopping,historical,March 2024,-250.26,-250.26,0,250.26,-389.76,0.0,-51.4,50.27,-0.28,False,True,False,True
2024-03-27,CHICKFILA DEVONSHIRE FS WINDSOR,-3.98,Food,historical,March 2024,-15.71,-15.71,120,0.13,-389.76,0.0,-3.14,2.26,-0.37,False,False,False,False
2024-04-02,PAYMENT THANK YOUPAIEMEN T MERCI,406.3,Bills,historical,April 2024,406.3,406.3,300,1.35,-170.7,0.12,254.47,143.69,1.06,False,True,False,True
2024-04-03,SK GROCERS WINDSOR,-13.91,Grocery,historical,April 2024,-13.91,-83.32,110,0.76,-170.7,0.12,-28.2,19.32,0.74,False,False,False,False
2024-04-05,AMZN MKTP CA WWWAMAZONCA,65.53,Shopping,historical,April 2024,65.53,4.92,0,4.92,-170.7,0.12,-36.95,72.01,1.42,False,True,False,True
2024-04-08,AMZN MKTP CARXVJR WWWAMAZONCA,-15.72,Shopping,historical,April 2024,49.81,4.92,0,4.92,-170.7,0.12,-13.54,48.15,-0.05,False,True,False,True
2024-04-08,AMTRAK COM WASHINGTON DC USD,-228.35,Other,historical,April 2024,-228.35,-435.35,100,4.35,-170.7,0.12,-64.9,92.32,-1.77,False,True,False,True
2024-04-08,AMZN MKTP CALWPUY WWWAMAZONCA,-21.22,Shopping,historical,April 2024,28.59,4.92,0,4.92,-170.7,0.12,-12.36,47.8,-0.19,False,True,False,True
2024-04-08,POPEYES WINDSOR,-8.23,Food,historical,April 2024,-8.23,-24.83,120,0.21,-170.7,0.12,-4.41,3.03,-1.26,False,False,False,False
2024-04-11,IC INSTACART HALIFAX MIDH,-36.99,Grocery,historical,April 2024,-50.9,-83.32,110,0.76,-170.7,0.12,-27.25,18.59,-0.52,False,False,False,False
2024-04-11,TIM HORTONS WINDSOR,-1.05,Food,historical,April 2024,-9.28,-24.83,120,0.21,-170.7,0.12,-4.2,3.26,0.97,False,False,False,False
2024-04-11,AMAZONCACZUQI AMAZONCA,-23.67,Shopping,historical,April 2024,4.92,4.92,0,4.92,-170.7,0.12,-12.12,47.73,-0.24,False,True,False,True
2024-04-12,AMAZONCA AMAZONCA,12.38,Shopping,historical,April 2024,17.3,4.92,0,4.92,-170.7,0.12,3.46,37.57,0.24,False,True,False,True
2024-04-15,SK GROCERS WINDSOR,-17.95,Grocery,historical,April 2024,-68.85,-83.32,110,0.76,-170.7,0.12,-23.93,18.44,0.32,False,False,False,False
2024-04-19,FIDO MOBILE,-38.42,Utility,historical,April 2024,-38.42,-38.42,39,0.99,-170.7,0.12,-54.77,30.38,0.54,False,False,False,False
2024-04-22,AMAZONCAVBRI AMAZONCA,-12.38,Shopping,historical,April 2024,4.92,4.92,0,4.92,-170.7,0.12,-12.12,14.4,-0.02,False,True,False,True
2024-04-29,MCDONALDS WINDSOR,-15.55,Food,historical,April 2024,-24.83,-24.83,120,0.21,-170.7,0.12,-7.1,5.46,-1.55,False,False,False,False
2024-04-29,SK GROCERS WINDSOR,-14.47,Grocery,historical,April 2024,-83.32,-83.32,110,0.76,-170.7,0.12,-26.32,15.5,0.76,False,False,False,False
2024-04-30,THE BOURBON TAP GRILL T WINDSOR,-207.0,Other,historical,April 2024,-435.35,-435.35,100,4.35,-170.7,0.12,-102.91,105.78,-0.98,False,True,False,True
2024-05-03,PREAUTHORIZED PAYMENT THANK YOU,478.02,Bills,historical,May 2024,478.02,956.04,300,3.19,669.49,0.06,286.42,175.63,1.09,False,True,False,True
2024-05-06,PAYMENT THANK YOUPAIEMEN T MERCI,478.02,Bills,historical,May 2024,956.04,956.04,300,3.19,669.49,0.06,318.37,196.2,0.81,False,True,False,True
2024-05-06,TIM HORTONS WINDSOR,-1.05,Food,historical,May 2024,-1.05,-17.27,120,0.14,669.49,0.06,-5.97,6.11,0.81,False,False,False,False
2024-05-09,TIM HORTONS WINDSOR,-1.05,Food,historical,May 2024,-2.1,-17.27,120,0.14,669.49,0.06,-5.39,6.48,0.67,False,False,False,False
2024-05-14,WALMART SUPERCENTER WINDSOR,-0.47,Grocery,historical,May 2024,-0.47,-127.96,110,1.16,669.49,0.06,-16.76,13.13,1.24,False,True,False,True
2024-05-16,SHOPPERS DRUG MART WINDSOR,-21.44,Shopping,historical,May 2024,-21.44,-42.9,0,42.9,669.49,0.06,-13.27,14.97,-0.55,False,True,False,True
2024-05-16,WALMART SUPERCENTER WINDSOR,-3.47,Grocery,historical,May 2024,-3.94,-127.96,110,1.16,669.49,0.06,-14.67,14.46,0.77,False,True,False,True
2024-05-17,WALMART SUPERCENTER WINDSOR,-17.51,Grocery,historical,May 2024,-21.45,-127.96,110,1.16,669.49,0.06,-10.77,8.22,-0.82,False,True,False,True
2024-05-17,TIM HORTONS WINDSOR,-1.05,Food,historical,May 2024,-3.15,-17.27,120,0.14,669.49,0.06,-3.95,6.48,0.45,False,False,False,False
2024-05-21,PAAN BANARAS CAFE WINDSOR,-2.82,Food,historical,May 2024,-5.97,-17.27,120,0.14,669.49,0.06,-4.3,6.33,0.23,False,False,False,False
2024-05-21,AMZN MKTP CARNKPW WWWAMAZONCA,-21.46,Shopping,historical,May 2024,-42.9,-42.9,0,42.9,669.49,0.06,-13.31,15.01,-0.54,False,True,False,True
2024-05-21,FIDO MOBILE,-38.42,Utility,historical,May 2024,-38.42,-38.42,39,0.99,669.49,0.06,-53.64,30.98,0.49,False,False,False,False
2024-05-21,WALMART SUPERCENTER WINDSOR,-1.97,Grocery,historical,May 2024,-23.42,-127.96,110,1.16,669.49,0.06,-7.58,7.83,0.72,False,True,False,True
2024-05-21,PAYPAL DFISP ORG,-60.0,Other,historical,May 2024,-60.0,-60.0,100,0.6,669.49,0.06,-105.97,103.88,0.44,False,False,False,False
2024-05-24,WALMART SUPERCENTER WINDSOR,-10.02,Grocery,historical,May 2024,-33.44,-127.96,110,1.16,669.49,0.06,-6.69,7.06,-0.47,False,True,False,True
2024-05-29,PAAN BANARAS CAFE WINDSOR,-11.3,Food,historical,May 2024,-17.27,-17.27,120,0.14,669.49,0.06,-3.45,4.45,-1.76,False,False,False,False
2024-05-30,WALMART SUPERCENTER WINDSOR,-94.52,Grocery,historical,May 2024,-127.96,-127.96,110,1.16,669.49,0.06,-25.5,39.07,-1.77,False,True,False,True
2024-06-03,AMAZONCAHPTT AMAZONCA,-2.25,Shopping,historical,June 2024,-2.25,-60.31,0,60.31,-266.84,0.27,-9.03,14.35,0.47,False,True,False,True
2024-06-04,WALMART SUPERCENTER WINDSOR,-22.52,Grocery,historical,June 2024,-22.52,-64.04,110,0.58,-266.84,0.27,-29.31,37.27,0.18,False,False,False,False
2024-06-11,DDDOORDASHPIZZADEPOT VANCOUVER,-13.09,Food,historical,June 2024,-13.09,-57.83,120,0.48,-266.84,0.27,-5.86,5.86,-1.23,False,False,False,False
2024-06-11,SHOPPERS DRUG MART WINDSOR,-6.49,Shopping,historical,June 2024,-8.74,-60.31,0,60.31,-266.84,0.27,-12.8,8.67,0.73,False,True,False,True
2024-06-11,DD VANCOUVER,13.09,Other,historical,June 2024,13.09,-51.89,100,0.52,-266.84,0.27,-98.32,112.38,0.99,False,False,False,False
2024-06-11,MCDONALDS WINDSOR,-2.89,Food,historical,June 2024,-15.98,-57.83,120,0.48,-266.84,0.27,-6.23,5.53,0.6,False,False,False,False
2024-06-12,SEPHORACA SEPHORACA,-7.46,Shopping,historical,June 2024,-16.2,-60.31,0,60.31,-266.84,0.27,-11.82,9.01,0.48,False,True,False,True
2024-06-13,MCDONALDS WINDSOR,-3.15,Food,historical,June 2024,-19.13,-57.83,120,0.48,-266.84,0.27,-6.65,5.1,0.69,False,False,False,False
2024-06-17,WALMART SUPERCENTER WINDSOR,-41.52,Grocery,historical,June 2024,-64.04,-64.04,110,0.58,-266.84,0.27,-34.11,36.92,-0.2,False,False,False,False
2024-06-17,LITTLE CAESARS PIZZA WINDSOR,-1.8,Food,historical,June 2024,-20.93,-57.83,120,0.48,-266.84,0.27,-6.45,5.31,0.88,False,False,False,False
2024-06-17,QUESADA BURRITOS AND TACO WINDSOR,-13.21,Other,historical,June 2024,-0.12,-51.89,100,0.52,-266.84,0.27,-99.09,111.62,0.77,False,False,False,False
2024-06-17,SCRIBD,-14.68,Other,historical,June 2024,-14.8,-51.89,100,0.52,-266.84,0.27,-56.36,88.22,0.47,False,False,False,False
2024-06-17,AMZN MKTP CARHD WWWAMAZONCA,-16.94,Shopping,historical,June 2024,-33.14,-60.31,0,60.31,-266.84,0.27,-10.92,7.97,-0.76,False,True,False,True
2024-06-17,AMZN MKTP CAVDFNI WWWAMAZONCA,-12.41,Shopping,historical,June 2024,-45.55,-60.31,0,60.31,-266.84,0.27,-9.11,5.68,-0.58,False,True,False,True
2024-06-18,MCDONALDS WINDSOR,-2.63,Food,historical,June 2024,-23.56,-57.83,120,0.48,-266.84,0.27,-4.71,4.71,0.44,False,False,False,False
2024-06-19,FIDO MOBILE,-32.77,Utility,historical,June 2024,-32.77,-32.77,39,0.84,-266.84,0.27,-51.38,32.24,0.58,False,False,False,False
2024-06-19,SHOPPERS DRUG MART WINDSOR,-5.19,Shopping,historical,June 2024,-50.74,-60.31,0,60.31,-266.84,0.27,-9.7,4.88,0.92,False,True,False,True
2024-06-20,MACS CONV STORES WINDSOR,-18.53,Other,historical,June 2024,-33.33,-51.89,100,0.52,-266.84,0.27,-18.67,26.28,0.01,False,False,False,False
2024-06-21,TEMUCOM WWWTEMUCOM,-2.8,Other,historical,June 2024,-36.13,-51.89,100,0.52,-266.84,0.27,-7.23,12.76,0.35,False,False,False,False
2024-06-21,TEMUCOM WWWTEMUCOM,-33.21,Other,historical,June 2024,-69.34,-51.89,100,0.52,-266.84,0.27,-16.49,11.01,-1.52,False,False,False,False
2024-06-25,DDDOORDASHCULTURECRUS VANCOUVER,-18.91,Food,historical,June 2024,-42.47,-57.83,120,0.48,-266.84,0.27,-5.88,7.3,-1.78,False,False,False,False
2024-06-25,AMZN MKTP CARCBIES WWWAMAZONCA,-15.81,Shopping,historical,June 2024,-66.55,-60.31,0,60.31,-266.84,0.27,-11.56,5.13,-0.83,False,True,False,True
2024-06-25,AMAZONCARCYB AMAZONCA,-9.57,Shopping,historical,June 2024,-76.12,-60.31,0,60.31,-266.84,0.27,-11.98,4.78,0.5,False,True,False,True
2024-06-25,DDDOORDASHLITTLECAESA VANCOUVER,-15.36,Food,historical,June 2024,-57.83,-57.83,120,0.48,-266.84,0.27,-8.37,8.11,-0.86,False,False,False,False
2024-06-27,AMZN MKTP CA WWWAMAZONCA,15.81,Shopping,historical,June 2024,-60.31,-60.31,0,60.31,-266.84,0.27,-5.43,12.5,1.7,False,True,False,True
2024-06-28,TEMUCOM WWWTEMUCOM,17.45,Other,historical,June 2024,-51.89,-51.89,100,0.52,-266.84,0.27,-10.35,18.96,1.47,False,False,False,False
2024-07-02,PAAN BANARAS CAFE WINDSOR,-4.52,Food,historical,July 2024,-4.52,-127.07,120,1.06,-319.39,0.13,-8.64,7.91,0.52,False,True,False,True
2024-07-02,WALMART SUPERCENTER WINDSOR,-30.75,Grocery,historical,July 2024,-30.75,-84.22,110,0.77,-319.39,0.13,-39.87,32.65,0.28,False,False,False,False
2024-07-02,AW WINDSOR,-45.18,Food,historical,July 2024,-49.7,-127.07,120,1.06,-319.39,0.13,-17.32,17.05,-1.63,False,True,False,True
2024-07-02,TIM HORTONS WINDSOR,-3.45,Food,historical,July 2024,-53.15,-127.07,120,1.06,-319.39,0.13,-17.48,16.87,0.83,False,True,False,True
2024-07-02,DOLLARAMA WINDSOR,-18.18,Shopping,historical,July 2024,-18.18,-172.26,0,172.26,-319.39,0.13,-6.59,13.53,-0.86,False,True,False,True
2024-07-02,ROYAL PAAN WINDSOR WINDSOR,-33.9,Food,historical,July 2024,-87.05,-127.07,120,1.06,-319.39,0.13,-20.48,18.45,-0.73,False,True,False,True
2024-07-03,MJS PIZZA AND WINGS CORP WINDSOR,-11.29,Food,historical,July 2024,-98.34,-127.07,120,1.06,-319.39,0.13,-19.67,18.82,0.45,False,True,False,True
2024-07-05,PREAUTHORIZED PAYMENT THANK YOU,108.9,Bills,historical,July 2024,108.9,251.06,300,0.84,-319.39,0.13,332.92,171.14,-1.31,False,False,False,False
2024-07-05,SK GROCERS WINDSOR,-14.99,Grocery,historical,July 2024,-45.74,-84.22,110,0.77,-319.39,0.13,-40.86,31.57,0.82,False,False,False,False
2024-07-08,DOLLARAMA WINDSOR,-4.52,Shopping,historical,July 2024,-22.7,-172.26,0,172.26,-319.39,0.13,-6.45,13.55,0.14,False,True,False,True
2024-07-08,SHOPPERS DRUG MART WINDSOR,-17.47,Shopping,historical,July 2024,-40.17,-172.26,0,172.26,-319.39,0.13,-6.79,13.85,-0.77,False,True,False,True
2024-07-08,MCDONALDS WINDSOR,-1.05,Food,historical,July 2024,-99.39,-127.07,120,1.06,-319.39,0.13,-18.97,19.56,0.92,False,True,False,True
2024-07-08,SK GROCERS WINDSOR,-5.98,Grocery,historical,July 2024,-51.72,-84.22,110,0.77,-319.39,0.13,-23.15,13.76,1.25,False,False,False,False
2024-07-08,MCDONALDS WINDSOR,-2.63,Food,historical,July 2024,-102.02,-127.07,120,1.06,-319.39,0.13,-10.46,13.69,0.57,False,True,False,True
2024-07-09,DOLLARAMA WINDSOR,-21.01,Shopping,historical,July 2024,-61.18,-172.26,0,172.26,-319.39,0.13,-9.07,15.3,-0.78,False,True,False,True
2024-07-09,DR DAVID W CHORNEY WINDSOR,-62.0,Other,historical,July 2024,-62.0,-154.13,100,1.54,-319.39,0.13,-19.82,30.16,-1.4,False,True,False,True
2024-07-11,PAYMENT THANK YOUPAIEMEN T MERCI,142.16,Bills,historical,July 2024,251.06,251.06,300,0.84,-319.39,0.13,322.68,182.72,-0.99,False,False,False,False
2024-07-15,DOLLARAMA WINDSOR,-7.35,Shopping,historical,July 2024,-68.53,-172.26,0,172.26,-319.39,0.13,-13.71,7.29,0.87,False,True,False,True
2024-07-15,FOOD BASICS STORE WINDSOR,-32.5,Grocery,historical,July 2024,-84.22,-84.22,110,0.77,-319.39,0.13,-25.15,14.35,-0.51,False,False,False,False
2024-07-17,TIM HORTONS WINDSOR,-5.51,Food,historical,July 2024,-107.53,-127.07,120,1.06,-319.39,0.13,-10.88,13.45,0.4,False,True,False,True
2024-07-19,SHOPPERS DRUG MART WINDSOR,-11.72,Shopping,historical,July 2024,-80.25,-172.26,0,172.26,-319.39,0.13,-12.41,6.85,0.1,False,True,False,True
2024-07-19,FIDO MOBILE,-32.77,Utility,historical,July 2024,-32.77,-32.77,39,0.84,-319.39,0.13,-36.16,3.09,1.1,False,False,False,False
2024-07-22,DOLLARAMA WINDSOR,-4.52,Shopping,historical,July 2024,-84.77,-172.26,0,172.26,-319.39,0.13,-12.41,6.85,1.15,False,True,False,True
2024-07-22,AMZN MKTP CARJNN WWWAMAZONCA,-25.98,Shopping,historical,July 2024,-110.75,-172.26,0,172.26,-319.39,0.13,-14.12,9.11,-1.3,False,True,False,True
2024-07-23,GAP OUTLET CANADA LASALLE,-54.78,Shopping,historical,July 2024,-165.53,-172.26,0,172.26,-319.39,0.13,-20.87,20.68,-1.64,False,True,False,True
2024-07-23,TOMMY HILFIGER LASALLE,-28.8,Other,historical,July 2024,-90.8,-154.13,100,1.54,-319.39,0.13,-21.87,30.4,-0.23,False,True,False,True
2024-07-24,MCDONALDS WINDSOR,-1.05,Food,historical,July 2024,-108.58,-127.07,120,1.06,-319.39,0.13,-4.31,4.31,0.76,False,True,False,True
2024-07-25,DDDOORDASHINDIAPARADI VANCOUVER,-18.49,Food,historical,July 2024,-127.07,-127.07,120,1.06,-319.39,0.13,-5.75,7.35,-1.73,False,True,False,True
2024-07-26,UWINCARD GET APP,-10.25,Other,historical,July 2024,-101.05,-154.13,100,1.54,-319.39,0.13,-23.36,29.4,0.45,False,True,False,True
2024-07-29,ARDENE LASALLE,-6.73,Shopping,historical,July 2024,-172.26,-172.26,0,172.26,-319.39,0.13,-20.75,20.78,0.67,False,True,False,True
2024-07-29,HAKKALICIOUS BRAMPTON,-53.08,Other,historical,July 2024,-154.13,-154.13,100,1.54,-319.39,0.13,-27.34,32.27,-0.8,False,True,False,True
2024-08-01,DOLLARAMA WINDSOR,-14.41,Shopping,historical,August 2024,-14.41,-248.12,0,248.12,-363.58,0.21,-21.28,20.52,0.33,False,True,False,True
2024-08-02,PREAUTHORIZED PAYMENT THANK YOU,429.95,Bills,historical,August 2024,429.95,429.95,300,1.43,-363.58,0.21,327.41,185.7,0.55,False,True,False,True
2024-08-02,AMZN MKTP CARFSAX WWWAMAZONCA,-53.1,Shopping,historical,August 2024,-67.51,-248.12,0,248.12,-363.58,0.21,-31.0,22.04,-1.0,False,True,False,True
2024-08-02,AMZN MKTP CARFDHAG WWWAMAZONCA,-20.33,Shopping,historical,August 2024,-87.84,-248.12,0,248.12,-363.58,0.21,-29.87,22.5,0.42,False,True,False,True
2024-08-02,AMZN MKTP CARFSEAW WWWAMAZONCA,-28.8,Shopping,historical,August 2024,-116.64,-248.12,0,248.12,-363.58,0.21,-24.67,17.83,-0.23,False,True,False,True
2024-08-06,AMZN MKTP CARFFZ WWWAMAZONCA,-36.71,Shopping,historical,August 2024,-153.35,-248.12,0,248.12,-363.58,0.21,-30.67,15.12,-0.4,False,True,False,True
2024-08-06,SHOPPERS DRUG MART WINDSOR,-8.58,Shopping,historical,August 2024,-161.93,-248.12,0,248.12,-363.58,0.21,-29.5,16.82,1.24,False,True,False,True
2024-08-06,GAP OUTLET CANADA LASALLE,2.83,Shopping,historical,August 2024,-159.1,-248.12,0,248.12,-363.58,0.21,-18.32,15.77,1.34,False,True,False,True
2024-08-06,GAP OUTLET CANADA LASALLE,-22.75,Shopping,historical,August 2024,-181.85,-248.12,0,248.12,-363.58,0.21,-18.8,15.88,-0.25,False,True,False,True
2024-08-06,SK GROCERS WINDSOR,-16.98,Grocery,historical,August 2024,-16.98,-106.15,110,0.97,-363.58,0.21,-20.24,11.21,0.29,False,False,False,False
2024-08-06,MCDONALDS WINDSOR,-5.64,Food,historical,August 2024,-5.64,-38.58,120,0.32,-363.58,0.21,-6.66,6.89,0.15,False,False,False,False
2024-08-07,FRESHCO WINDSOR,-11.69,Grocery,historical,August 2024,-28.67,-106.15,110,0.97,-363.58,0.21,-16.43,9.9,0.48,False,False,False,False
2024-08-07,CASHBACKREMISE EN ARGENT,25.35,cashback,historical,August 2024,25.35,25.35,10,2.54,-363.58,0.21,21.82,5.82,0.61,False,True,False,True
2024-08-08,AMZN MKTP CARMKAC WWWAMAZONCA,-36.71,Shopping,historical,August 2024,-218.56,-248.12,0,248.12,-363.58,0.21,-20.38,17.44,-0.94,False,True,False,True
2024-08-09,JOBSCAN HTTPSWWWJOBS WA USD,-127.18,Other,historical,August 2024,-127.18,-393.26,100,3.93,-363.58,0.21,-56.26,44.56,-1.59,False,True,False,True
2024-08-09,AMZN MKTP CARMUALB WWWAMAZONCA,-30.5,Shopping,historical,August 2024,-249.06,-248.12,0,248.12,-363.58,0.21,-19.14,16.16,-0.7,False,True,False,True
2024-08-12,WINNERS WINDSOR,-62.13,Shopping,historical,August 2024,-311.19,-248.12,0,248.12,-363.58,0.21,-29.85,23.49,-1.37,False,True,False,True
2024-08-12,AW WINDSOR,-4.19,Food,historical,August 2024,-9.83,-38.58,120,0.32,-363.58,0.21,-6.98,6.7,0.42,False,False,False,False
2024-08-12,SK GROCERS WINDSOR,-9.07,Grocery,historical,August 2024,-37.74,-106.15,110,0.97,-363.58,0.21,-15.24,10.46,0.59,False,False,False,False
2024-08-14,LAS CHULAS TOBERMORY,-62.72,Other,historical,August 2024,-189.9,-393.26,100,3.93,-363.58,0.21,-56.41,44.59,-0.14,False,True,False,True
2024-08-19,DOLLARAMA WINDSOR,-20.06,Shopping,historical,August 2024,-331.25,-248.12,0,248.12,-363.58,0.21,-34.43,16.81,0.85,False,True,False,True
2024-08-19,AMZN MKTP CA WWWAMAZONCA,36.71,Shopping,historical,August 2024,-294.54,-248.12,0,248.12,-363.58,0.21,-22.54,36.57,1.62,False,True,False,True
2024-08-19,FIDO MOBILE,-32.77,Utility,historical,August 2024,-32.77,-32.77,39,0.84,-363.58,0.21,-35.03,3.09,0.73,False,False,False,False
2024-08-22,AMZN MKTP CA WWWAMAZONCA,53.1,Shopping,historical,August 2024,-241.44,-248.12,0,248.12,-363.58,0.21,-4.58,48.1,1.2,False,True,False,True
2024-08-23,LITTLE CAESARS WINDSOR,-9.7,Other,historical,August 2024,-199.6,-393.26,100,3.93,-363.58,0.21,-52.59,48.22,0.89,False,True,False,True
2024-08-26,MCDONALDS WINDSOR,-7.9,Food,historical,August 2024,-17.73,-38.58,120,0.32,-363.58,0.21,-7.45,6.65,-0.07,False,False,False,False
2024-08-26,DOORDASHFATBASTARDB DOWNTOWN TORO,-20.85,Food,historical,August 2024,-38.58,-38.58,120,0.32,-363.58,0.21,-11.41,7.7,-1.23,False,False,False,False
2024-08-26,SQ THOMSON BAKING CO WINDSOR,-17.91,Other,historical,August 2024,-217.51,-393.26,100,3.93,-363.58,0.21,-54.12,46.63,0.78,False,True,False,True
2024-08-26,MTO DRIVETEST D WINDSOR,-16.0,Other,historical,August 2024,-233.51,-393.26,100,3.93,-363.58,0.21,-46.7,49.68,0.62,False,True,False,True
2024-08-26,DOLLARAMA WINDSOR,-6.68,Shopping,historical,August 2024,-248.12,-248.12,0,248.12,-363.58,0.21,0.19,46.03,-0.15,False,True,False,True
2024-08-26,MTO DRIVETEST D WINDSOR,-106.0,Other,historical,August 2024,-339.51,-393.26,100,3.93,-363.58,0.21,-42.47,41.3,-1.54,False,True,False,True
2024-08-26,WALMART SUPERCENTER WINDSOR,-16.79,Grocery,historical,August 2024,-54.53,-106.15,110,0.97,-363.58,0.21,-17.41,9.09,0.07,False,False,False,False
2024-08-26,FRESHCO WINDSOR,-51.62,Grocery,historical,August 2024,-106.15,-106.15,110,0.97,-363.58,0.21,-21.23,17.32,-1.75,False,False,False,False
2024-08-30,MTO ECOMMERCE NORTH YORK,-53.75,Other,historical,August 2024,-393.26,-393.26,100,3.93,-363.58,0.21,-40.67,40.39,-0.32,False,True,False,True
2024-09-03,SEPHORACA SEPHORACA,-24.63,Shopping,historical,September 2024,-24.63,-63.2,0,63.2,559.64,0.0,7.69,35.09,-0.92,False,True,False,True
2024-09-03,AMAZONCARKB AMAZONCA,-9.03,Shopping,historical,September 2024,-33.66,-63.2,0,63.2,559.64,0.0,9.89,33.21,-0.57,False,True,False,True
2024-09-03,AMAZONCARKTDO AMAZONCA,-11.51,Shopping,historical,September 2024,-45.17,-63.2,0,63.2,559.64,0.0,0.25,30.35,-0.39,False,True,False,True
2024-09-03,SK POOJA AND CREATIONS WINDSOR,-15.46,Grocery,historical,September 2024,-15.46,-18.85,110,0.17,559.64,0.0,-20.93,17.43,0.31,False,False,False,False
2024-09-03,DOLLARAMA WINDSOR,-9.5,Shopping,historical,September 2024,-54.67,-63.2,0,63.2,559.64,0.0,-12.27,7.12,0.39,False,True,False,True
2024-09-04,PREAUTHORIZED PAYMENT THANK YOU,687.18,Bills,historical,September 2024,687.18,687.18,300,2.29,559.64,0.0,369.24,242.87,1.31,False,True,False,True
2024-09-05,DOLLARAMA WINDSOR,-2.44,Shopping,historical,September 2024,-57.11,-63.2,0,63.2,559.64,0.0,-11.42,8.13,1.1,False,True,False,True
2024-09-09,DDDOORDASHSUBWAY VANCOUVER,-21.81,Food,historical,September 2024,-21.81,-45.49,120,0.38,559.64,0.0,-12.08,8.56,-1.14,False,False,False,False
2024-09-16,SK GROCERS WINDSOR,-3.39,Grocery,historical,September 2024,-18.85,-18.85,110,0.17,559.64,0.0,-19.27,18.86,0.84,False,False,False,False
2024-09-16,AMAZON TMAFW DOWNTOWN TORO,-6.09,Shopping,historical,September 2024,-63.2,-63.2,0,63.2,559.64,0.0,-7.71,3.53,0.46,False,True,False,True
2024-09-17,UBER CANADAUBEREATS TORONTO,-23.68,Food,historical,September 2024,-45.49,-45.49,120,0.38,559.64,0.0,-15.69,8.96,-0.89,False,False,False,False
2024-10-01,VETS CAB WINDSOR,-10.0,Other,historical,October 2024,-10.0,-651.19,100,6.51,-532.81,0.29,-40.73,40.33,0.76,False,True,False,True
2024-10-02,UBER CANADAUBEREATS TORONTO,-24.0,Food,historical,October 2024,-24.0,-123.34,120,1.03,-532.81,0.29,-19.65,6.7,-0.65,False,True,False,True
2024-10-04,PREAUTHORIZED PAYMENT THANK YOU,454.41,Bills,historical,October 2024,454.41,454.41,300,1.51,-532.81,0.29,364.52,240.45,0.37,False,True,False,True
2024-10-09,MARKS STORE WINDSOR,-84.73,Other,historical,October 2024,-94.73,-651.19,100,6.51,-532.81,0.29,-54.1,41.92,-0.73,False,True,False,True
2024-10-09,STARBUCKS WINDSOR,-5.65,Food,historical,October 2024,-29.65,-123.34,120,1.03,-532.81,0.29,-19.2,7.69,1.76,False,True,False,True
2024-10-09,SHOPPERS DRUG MART WINDSOR,-10.82,Shopping,historical,October 2024,-10.82,-26.25,0,26.25,-532.81,0.29,-8.07,3.78,-0.73,False,True,False,True
2024-10-09,SUZY SHIER WINDSOR,-111.87,Other,historical,October 2024,-206.6,-651.19,100,6.51,-532.81,0.29,-73.27,42.06,-0.92,False,True,False,True
2024-10-10,DOLLARAMA WINDSOR,-5.93,Shopping,historical,October 2024,-16.75,-26.25,0,26.25,-532.81,0.29,-6.96,3.3,0.31,False,True,False,True
2024-10-11,WALMART SUPERCENTER WINDSOR,-133.16,Grocery,historical,October 2024,-133.16,-180.47,110,1.64,-532.81,0.29,-44.08,52.94,-1.68,False,True,False,True
2024-10-11,MOORES CLOTHING WINDSOR,-126.61,Other,historical,October 2024,-333.21,-651.19,100,6.51,-532.81,0.29,-77.39,46.81,-1.05,False,True,False,True
2024-10-15,ONROUTE ODESSA,-5.97,trip,historical,October 2024,-5.97,-5.97,10,0.6,-532.81,0.29,-5.97,0.0,0.0,False,False,False,False
2024-10-15,PIZZA SALVATORE STVALLIE QUEBEC,-49.41,Food,historical,October 2024,-79.06,-123.34,120,1.03,-532.81,0.29,-24.91,15.68,-1.56,False,True,False,True
2024-10-15,PIZZA SALVATORE STVALLIE QUEBEC,-3.2,Food,historical,October 2024,-82.26,-123.34,120,1.03,-532.81,0.29,-21.19,18.54,0.97,False,True,False,True
2024-10-15,BISTROBAR LATELIER QUEBEC,-244.61,Other,historical,October 2024,-577.82,-651.19,100,6.51,-532.81,0.29,-115.56,84.98,-1.52,False,True,False,True
2024-10-16,UBER CANADAUBEREATS TORONTO,-37.41,Food,historical,October 2024,-119.67,-123.34,120,1.03,-532.81,0.29,-23.93,19.97,-0.68,False,True,False,True
2024-10-18,TIM HORTONS WINDSOR,-1.05,Food,historical,October 2024,-120.72,-123.34,120,1.03,-532.81,0.29,-19.34,22.43,0.82,False,True,False,True
2024-10-21,MCDONALDS WINDSOR,-1.31,Food,historical,October 2024,-122.03,-123.34,120,1.03,-532.81,0.29,-18.48,23.17,0.74,False,True,False,True
2024-10-22,DOLLARAMA WINDSOR,-9.5,Shopping,historical,October 2024,-26.25,-26.25,0,26.25,-532.81,0.29,-6.96,3.3,-0.77,False,True,False,True
2024-10-28,MCDONALDS WINDSOR,-1.31,Food,historical,October 2024,-123.34,-123.34,120,1.03,-532.81,0.29,-8.86,15.99,0.47,False,True,False,True
2024-10-28,SK GROCERS WINDSOR,-28.66,Grocery,historical,October 2024,-161.82,-180.47,110,1.64,-532.81,0.29,-46.46,51.66,0.34,False,True,False,True
2024-10-28,WALMART SUPERCENTER WINDSOR,-10.76,Grocery,historical,October 2024,-172.58,-180.47,110,1.64,-532.81,0.29,-38.29,53.83,0.51,False,True,False,True
2024-10-28,DELHI WINDSOR,16.94,Other,historical,October 2024,-560.88,-651.19,100,6.51,-532.81,0.29,-110.18,93.74,1.36,False,True,False,True
2024-10-28,DELHI WINDSOR,-90.31,Other,historical,October 2024,-651.19,-651.19,100,6.51,-532.81,0.29,-111.29,93.4,0.22,False,True,False,True
2024-10-29,SK GROCERS WINDSOR,-7.89,Grocery,historical,October 2024,-180.47,-180.47,110,1.64,-532.81,0.29,-36.77,54.73,0.53,False,True,False,True
2024-11-04,PREAUTHORIZED PAYMENT THANK YOU,832.18,Bills,historical,November 2024,832.18,832.18,300,2.77,394.11,0.2,509.18,264.57,1.22,False,True,False,True
2024-11-06,DDDOORDASHEMBERSGRILL VANCOUVER,-25.15,Food,historical,November 2024,-25.15,-63.78,120,0.53,394.11,0.2,-13.25,17.02,-0.7,False,False,False,False
2024-11-08,CAMPBELL VARIETY WINDSOR,-4.51,Other,historical,November 2024,-4.51,-197.89,100,1.98,394.11,0.2,-89.82,104.87,0.81,False,True,False,True
2024-11-08,DOLLARAMA WINDSOR,-8.18,Shopping,historical,November 2024,-8.18,-55.38,0,55.38,394.11,0.2,-8.1,2.13,-0.04,False,True,False,True
2024-11-08,SK GROCERS WINDSOR,-2.49,Grocery,historical,November 2024,-2.49,-81.0,110,0.74,394.11,0.2,-36.59,54.87,0.62,False,False,False,False
2024-11-08,IC INSTACART HALIFAX MIDH,-26.34,Grocery,historical,November 2024,-28.83,-81.0,110,0.74,394.11,0.2,-15.23,11.62,-0.96,False,False,False,False
2024-11-12,SHOPPERS DRUG MART WINDSOR,-9.28,Shopping,historical,November 2024,-17.46,-55.38,0,55.38,394.11,0.2,-8.74,1.83,-0.3,False,True,False,True
2024-11-12,DDDOORDASHBOLLYWOODCA VANCOUVER,-38.63,Food,historical,November 2024,-63.78,-63.78,120,0.53,394.11,0.2,-13.49,17.46,-1.44,False,False,False,False
2024-11-12,BR FACTORY STORE WINDSOR,-64.75,Other,historical,November 2024,-69.26,-197.89,100,1.98,394.11,0.2,-77.45,103.08,0.12,False,True,False,True
2024-11-12,JOBSCAN HTTPSWWWJOBS WA USD,-128.63,Other,historical,November 2024,-197.89,-197.89,100,1.98,394.11,0.2,-54.25,60.18,-1.24,False,True,False,True
2024-11-12,ARDENE LASALLE,-35.66,Shopping,historical,November 2024,-53.12,-55.38,0,55.38,394.11,0.2,-13.71,12.35,-1.78,False,True,False,True
2024-11-14,DOLLARAMA WINDSOR,-2.26,Shopping,historical,November 2024,-55.38,-55.38,0,55.38,394.11,0.2,-12.98,13.02,0.82,False,True,False,True
2024-11-18,FRESHCO WINDSOR,-46.16,Grocery,historical,November 2024,-74.99,-81.0,110,0.74,394.11,0.2,-18.73,17.71,-1.55,False,False,False,False
2024-11-20,FIDO MOBILE,-40.02,Utility,historical,November 2024,-40.02,-40.02,39,1.03,394.11,0.2,-35.35,3.58,-1.3,False,True,False,True
2024-11-28,SK GROCERS WINDSOR,-6.01,Grocery,historical,November 2024,-81.0,-81.0,110,0.74,394.11,0.2,-17.78,18.36,0.64,False,False,False,False
2024-12-03,SHELL C WINDSOR,-13.55,Other,historical,December 2024,-13.55,-78.31,100,0.78,-84.14,0.17,-60.35,52.17,0.9,False,False,False,False
2024-12-04,LITTLE CAESARS WINDSOR,-30.7,Other,historical,December 2024,-44.25,-78.31,100,0.78,-84.14,0.17,-48.43,50.39,0.35,False,False,False,False
2024-12-04,ATHIDHI INDIAN REST WINDSOR,-13.55,Food,historical,December 2024,-13.55,-260.61,120,2.17,-84.14,0.17,-15.99,16.07,0.15,False,True,False,True
2024-12-05,PAYMENT THANK YOUPAIEMEN T MERCI,520.0,Bills,historical,December 2024,520.0,534.08,300,1.78,-84.14,0.17,584.74,170.92,-0.38,False,True,False,True
2024-12-05,AMZN MKTP CAZLIJ WWWAMAZONCA,-23.61,Shopping,historical,December 2024,-23.61,-174.95,0,174.95,-84.14,0.17,-15.8,13.6,-0.57,False,True,False,True
2024-12-05,PREAUTHORIZED PAYMENT THANK YOU,14.08,Bills,historical,December 2024,534.08,534.08,300,1.78,-84.14,0.17,501.57,309.82,-1.57,False,True,False,True
2024-12-06,WALMART SUPERCENTER WINDSOR,-26.71,Grocery,historical,December 2024,-26.71,-85.44,110,0.78,-84.14,0.17,-21.54,17.75,-0.29,False,False,False,False
2024-12-09,AMZN MKTP CAZRAQ WWWAMAZONCA,-25.98,Shopping,historical,December 2024,-49.59,-174.95,0,174.95,-84.14,0.17,-19.36,13.43,-0.49,False,True,False,True
2024-12-09,UBER CANADAUBERTRIP TORONTO,-35.1,Food,historical,December 2024,-48.65,-260.61,120,2.17,-84.14,0.17,-22.75,15.45,-0.8,False,True,False,True
2024-12-09,SHOPPERS DRUG MART WINDSOR,-13.54,Shopping,historical,December 2024,-63.13,-174.95,0,174.95,-84.14,0.17,-20.21,12.75,0.52,False,True,False,True
2024-12-16,CASHBACKREMISE EN ARGENT,19.51,cashback,historical,December 2024,19.51,19.51,10,1.95,-84.14,0.17,21.24,4.89,-0.35,False,True,False,True
2024-12-16,MCDONALDS WINDSOR,-1.72,Food,historical,December 2024,-50.37,-260.61,120,2.17,-84.14,0.17,-22.83,15.31,1.38,False,True,False,True
2024-12-17,WINNERS WINDSOR,-39.88,Shopping,historical,December 2024,-103.01,-174.95,0,174.95,-84.14,0.17,-21.05,14.1,-1.34,False,True,False,True
2024-12-18,STORE WINDSOR,-11.09,Other,historical,December 2024,-55.34,-78.31,100,0.78,-84.14,0.17,-49.74,49.03,0.79,False,False,False,False
2024-12-19,FIDO MOBILE,-38.42,Utility,historical,December 2024,-38.42,-38.42,39,0.99,-84.14,0.17,-35.35,3.58,-0.86,False,False,False,False
2024-12-20,MCDONALDS WINDSOR,-2.5,Food,historical,December 2024,-52.87,-260.61,120,2.17,-84.14,0.17,-18.3,17.63,0.9,False,True,False,True
2024-12-23,SK GROCERS WINDSOR,-23.76,Grocery,historical,December 2024,-50.47,-85.44,110,0.78,-84.14,0.17,-25.8,14.24,0.14,False,False,False,False
2024-12-24,TIM HORTONS WINDSOR,-3.69,Food,historical,December 2024,-56.56,-260.61,120,2.17,-84.14,0.17,-11.31,14.13,0.54,False,True,False,True
2024-12-24,DOLLAR TREE WINDSOR,-3.96,Shopping,historical,December 2024,-106.97,-174.95,0,174.95,-84.14,0.17,-21.39,13.54,1.29,False,True,False,True
2024-12-27,UBER CANADAUBEREATS TORONTO,-54.05,Food,historical,December 2024,-110.61,-260.61,120,2.17,-84.14,0.17,-19.41,23.94,-1.45,False,True,False,True
2024-12-30,IMMIGRATION CANADA ONLINE OTTAWA,-150.0,Food,historical,December 2024,-260.61,-260.61,120,2.17,-84.14,0.17,-42.39,64.15,-1.68,False,True,False,True
2024-12-30,HM DEVONSHIRE MALL WINDSOR,-67.98,Shopping,historical,December 2024,-174.95,-174.95,0,174.95,-84.14,0.17,-30.27,25.02,-1.51,False,True,False,True
2024-12-30,HURRY CURRY WINDSOR,-22.97,Other,historical,December 2024,-78.31,-78.31,100,0.78,-84.14,0.17,-41.39,49.39,0.37,False,False,False,False
2024-12-31,WALMART SUPERCENTER WINDSOR,-34.97,Grocery,historical,December 2024,-85.44,-85.44,110,0.78,-84.14,0.17,-27.52,14.84,-0.5,False,False,False,False
2025-01-03,PREAUTHORIZED PAYMENT THANK YOU,255.42,Bills,historical,January 2025,255.42,255.42,300,0.85,-123.14,0.2,415.22,305.29,-0.52,False,False,False,False
2025-01-08,DOLLARAMA WINDSOR,-14.13,Shopping,historical,January 2025,-14.13,-28.9,0,28.9,-123.14,0.2,-27.9,26.07,0.53,False,True,False,True
2025-01-13,AMAZON ZWCV VANCOUVER,-6.19,Shopping,historical,January 2025,-20.32,-28.9,0,28.9,-123.14,0.2,-26.43,27.26,0.74,False,True,False,True
2025-01-20,FIDO MOBILE,-38.42,Utility,historical,January 2025,-38.42,-38.42,39,0.99,-123.14,0.2,-36.48,3.45,-0.56,False,False,False,False
2025-01-20,VETS CAB CPT WINDSOR,-18.25,Other,historical,January 2025,-18.25,-33.25,100,0.33,-123.14,0.2,-19.31,7.83,0.14,False,False,False,False
2025-01-24,WALMART SUPERCENTER WINDSOR,-16.41,Grocery,historical,January 2025,-16.41,-16.41,110,0.15,-123.14,0.2,-21.57,10.95,0.47,False,False,False,False
2025-01-27,TIM HORTONS WINDSOR,-6.58,Food,historical,January 2025,-6.58,-261.58,120,2.18,-123.14,0.2,-43.36,63.41,0.58,False,True,False,True
2025-01-27,U WINDSOR REGISTRARS WINDSOR,-15.0,Other,historical,January 2025,-33.25,-33.25,100,0.33,-123.14,0.2,-19.6,7.58,0.61,False,False,False,False
2025-01-27,AMAZON ZGTTWQ VANCOUVER,-8.58,Shopping,historical,January 2025,-28.9,-28.9,0,28.9,-123.14,0.2,-20.17,26.99,0.43,False,True,False,True
2025-01-28,IMMIGRATION CANADA ONLINE OTTAWA,-255.0,Food,historical,January 2025,-261.58,-261.58,120,2.18,-123.14,0.2,-93.86,107.76,-1.5,False,True,False,True
2025-02-03,LCBORAO WINDSOR,-31.15,Food,historical,February 2025,-31.15,-37.46,120,0.31,-15.32,0.12,-99.36,102.59,0.66,False,False,False,False
2025-02-03,DOLLARAMA WINDSOR,-6.5,Shopping,historical,February 2025,-6.5,-302.16,0,302.16,-15.32,0.12,-20.68,26.63,0.53,False,True,False,True
2025-02-03,WINNERS WINDSOR,-12.99,Shopping,historical,February 2025,-19.49,-302.16,0,302.16,-15.32,0.12,-9.68,3.68,-0.9,False,True,False,True
2025-02-04,PREAUTHORIZED PAYMENT THANK YOU,475.31,Bills,historical,February 2025,475.31,475.31,300,1.58,-15.32,0.12,419.4,306.11,0.18,False,True,False,True
2025-02-06,SK GROCERS WINDSOR,-3.49,Grocery,historical,February 2025,-3.49,-33.05,110,0.3,-15.32,0.12,-21.07,11.86,1.48,False,False,False,False
2025-02-11,BLUENOTES WINDSOR,-9.03,Other,historical,February 2025,-9.03,-79.54,100,0.8,-15.32,0.12,-15.27,5.58,1.12,False,False,False,False
2025-02-11,GAP OUTLET CANADA LASALLE,-76.84,Shopping,historical,February 2025,-96.33,-302.16,0,302.16,-15.32,0.12,-22.22,30.65,-1.78,False,True,False,True
2025-02-12,HM HENNES MAURITZ INC TORONTO,-50.82,Shopping,historical,February 2025,-147.15,-302.16,0,302.16,-15.32,0.12,-31.15,31.31,-0.63,False,True,False,True
2025-02-13,SHOPPERS DRUG MART WINDSOR,-32.76,Shopping,historical,February 2025,-179.91,-302.16,0,302.16,-15.32,0.12,-35.98,28.71,0.11,False,True,False,True
2025-02-14,DOLLARAMA WINDSOR,-11.02,Shopping,historical,February 2025,-190.93,-302.16,0,302.16,-15.32,0.12,-36.89,27.6,0.94,False,True,False,True
2025-02-14,FOOD BASICS WINDSOR,-29.56,Grocery,historical,February 2025,-33.05,-33.05,110,0.3,-15.32,0.12,-21.64,12.26,-0.65,False,False,False,False
2025-02-19,FIDO MOBILE,-38.42,Utility,historical,February 2025,-38.42,-38.42,39,0.99,-15.32,0.12,-37.61,2.79,-0.29,False,False,False,False
2025-02-19,AMAZON MJAO VANCOUVER,-11.29,Shopping,historical,February 2025,-202.22,-302.16,0,302.16,-15.32,0.12,-36.55,27.98,0.9,False,True,False,True
2025-02-25,SPAGO TRATTORIA WINDSOR,-70.51,Other,historical,February 2025,-79.54,-79.54,100,0.8,-15.32,0.12,-27.15,24.76,-1.75,False,False,False,False
2025-02-25,POPEYES WINDSOR,-6.31,Food,historical,February 2025,-37.46,-37.46,120,0.31,-15.32,0.12,-89.81,109.83,0.76,False,False,False,False
2025-02-25,AMAZONCAXWJVJ AMAZONCA,-79.07,Shopping,historical,February 2025,-281.29,-302.16,0,302.16,-15.32,0.12,-36.99,28.79,-1.46,False,True,False,True
2025-02-25,AMZN MKTP CABHWI WWWAMAZONCA,-20.87,Shopping,historical,February 2025,-302.16,-302.16,0,302.16,-15.32,0.12,-31.0,28.3,0.36,False,True,False,True
2025-03-03,WALMARTCA MISSISSAUGA,-51.44,Grocery,historical,March 2025,-51.44,-130.55,110,1.19,246.32,0.13,-27.17,18.25,-1.33,False,True,False,True
2025-03-04,GAP OUTLET CANADA LASALLE,76.84,Shopping,historical,March 2025,76.84,48.07,0,48.07,246.32,0.13,-9.08,55.74,1.54,False,True,False,True
2025-03-06,PAYMENT THANK YOUPAIEMEN T MERCI,440.0,Bills,historical,March 2025,440.0,545.56,300,1.82,246.32,0.13,340.96,208.62,0.47,False,True,False,True
2025-03-06,AMZN MKTP CALDPGDO WWWAMAZONCA,-26.56,Shopping,historical,March 2025,50.28,48.07,0,48.07,246.32,0.13,-12.19,56.31,-0.26,False,True,False,True
2025-03-07,PREAUTHORIZED PAYMENT THANK YOU,105.56,Bills,historical,March 2025,545.56,545.56,300,1.82,246.32,0.13,258.07,201.92,-0.76,False,True,False,True
2025-03-10,DOLLARAMA WINDSOR,-2.33,Shopping,historical,March 2025,47.95,48.07,0,48.07,246.32,0.13,-10.4,56.49,0.14,False,True,False,True
2025-03-10,AMZN MKTP CA WWWAMAZONCA,26.56,Shopping,historical,March 2025,74.51,48.07,0,48.07,246.32,0.13,10.73,42.37,0.37,False,True,False,True
2025-03-10,WINNERS WINDSOR,-7.99,Shopping,historical,March 2025,66.52,48.07,0,48.07,246.32,0.13,13.3,40.31,-0.53,False,True,False,True
2025-03-10,DOLLARAMA WINDSOR,-11.83,Shopping,historical,March 2025,54.69,48.07,0,48.07,246.32,0.13,-4.43,19.51,-0.38,False,True,False,True
2025-03-17,WALMART SUPERCENTER WINDSOR,-66.6,Grocery,historical,March 2025,-118.04,-130.55,110,1.19,246.32,0.13,-33.5,25.62,-1.29,False,True,False,True
2025-03-17,UBER TRIP TORONTO,-13.05,Food,historical,March 2025,-13.05,-114.05,120,0.95,246.32,0.13,-62.42,108.13,0.46,False,False,False,False
2025-03-17,UBER TRIP TORONTO,-14.44,Food,historical,March 2025,-27.49,-114.05,120,0.95,246.32,0.13,-63.99,107.17,0.46,False,False,False,False
2025-03-18,CHUCKS ROADHOUSE BAR G WINDSOR,-50.19,Other,historical,March 2025,-50.19,-64.29,100,0.64,246.32,0.13,-32.6,26.54,-0.66,False,False,False,False
2025-03-19,FIDO MOBILE,-38.42,Utility,historical,March 2025,-38.42,-38.42,39,0.99,246.32,0.13,-38.74,0.72,0.44,False,False,False,False
2025-03-24,DOLLARAMA WINDSOR,-3.39,Shopping,historical,March 2025,51.3,48.07,0,48.07,246.32,0.13,0.2,15.21,-0.24,False,True,False,True
2025-03-24,STIEMAR BREAD WINDSOR,-10.4,Other,historical,March 2025,-60.59,-64.29,100,0.64,246.32,0.13,-31.03,27.8,0.74,False,False,False,False
2025-03-24,NAMASTE INDIAN SUPERMARK WINDSOR,-21.61,Food,historical,March 2025,-49.1,-114.05,120,0.95,246.32,0.13,-17.31,9.45,-0.46,False,False,False,False
2025-03-24,UBER CANADAUBEREATS TORONTO,-32.9,Food,historical,March 2025,-82.0,-114.05,120,0.95,246.32,0.13,-17.66,10.1,-1.51,False,False,False,False
2025-03-25,TIM HORTONS WINDSOR,-1.92,Food,historical,March 2025,-83.92,-114.05,120,0.95,246.32,0.13,-16.78,11.44,1.3,False,False,False,False
2025-03-25,UBER CANADAUBEREATS TORONTO,-30.13,Food,historical,March 2025,-114.05,-114.05,120,0.95,246.32,0.13,-20.2,12.54,-0.79,False,False,False,False
2025-03-25,DOLLARAMA WINDSOR,-3.23,Shopping,historical,March 2025,48.07,48.07,0,48.07,246.32,0.13,0.02,15.26,-0.21,False,True,False,True
2025-03-26,WALMART SUPERCENTER WINDSOR,-12.51,Grocery,historical,March 2025,-130.55,-130.55,110,1.19,246.32,0.13,-32.72,26.32,0.77,False,True,False,True
2025-03-27,VDESI SUPERSTORE WINDSOR,-3.7,Other,historical,March 2025,-64.29,-64.29,100,0.64,246.32,0.13,-28.77,29.82,0.84,False,False,False,False
2025-04-02,CAW MARKET WINDSOR,-3.07,Grocery,historical,April 2025,-3.07,-59.74,110,0.54,75.83,0.23,-32.64,26.44,1.12,False,False,False,False
2025-04-02,ESSO CIRCLE K WINDSOR,-3.89,Other,historical,April 2025,-3.89,-332.61,100,3.33,75.83,0.23,-27.74,30.74,0.78,False,True,False,True
2025-04-03,CAW MARKET WINDSOR,-5.75,Grocery,historical,April 2025,-8.82,-59.74,110,0.54,75.83,0.23,-27.87,29.14,0.76,False,False,False,False
2025-04-04,DOLLARAMA WINDSOR,-2.28,Shopping,historical,April 2025,-2.28,-27.82,0,27.82,75.83,0.23,-5.74,4.06,0.85,False,True,False,True
2025-04-04,PREAUTHORIZED PAYMENT THANK YOU,300.06,Bills,historical,April 2025,300.06,600.06,300,2.0,75.83,0.23,315.27,149.13,-0.1,False,True,False,True
2025-04-07,PAYMENT THANK YOUPAIEMEN T MERCI,300.0,Bills,historical,April 2025,600.06,600.06,300,2.0,75.83,0.23,324.19,145.96,-0.17,False,True,False,True
2025-04-07,SHOPPERS DRUG MART WINDSOR,-6.25,Shopping,historical,April 2025,-8.53,-27.82,0,27.82,75.83,0.23,-5.4,3.89,-0.22,False,True,False,True
2025-04-08,SK GROCERS WINDSOR,-8.47,Grocery,historical,April 2025,-17.29,-59.74,110,0.54,75.83,0.23,-19.28,26.68,0.41,False,False,False,False
2025-04-09,XYNA INTERNATIONAL WOODBRIDGE,-282.5,Other,historical,April 2025,-286.39,-332.61,100,3.33,75.83,0.23,-70.14,120.28,-1.77,False,True,False,True
2025-04-11,TIM HORTONS WINDSOR,-3.14,Food,historical,April 2025,-3.14,-65.64,120,0.55,75.83,0.23,-17.94,14.68,1.01,False,False,False,False
2025-04-14,FAT BASTARD BURRITO WINDSOR,-12.42,Other,historical,April 2025,-298.81,-332.61,100,3.33,75.83,0.23,-62.58,123.0,0.41,False,True,False,True
2025-04-15,HM CA WINDSOR,-18.08,Shopping,historical,April 2025,-26.61,-27.82,0,27.82,75.83,0.23,-6.65,6.56,-1.74,False,True,False,True
2025-04-16,CHICKFILA DEVONSHIRE FS WINDSOR,-3.98,Food,historical,April 2025,-7.12,-65.64,120,0.55,75.83,0.23,-14.41,15.66,0.67,False,False,False,False
2025-04-21,TIM HORTONS WINDSOR,-4.74,Food,historical,April 2025,-11.86,-65.64,120,0.55,75.83,0.23,-8.78,11.98,0.34,False,False,False,False
2025-04-21,SK GROCERS WINDSOR,-28.49,Grocery,historical,April 2025,-45.78,-59.74,110,0.54,75.83,0.23,-11.66,10.04,-1.68,False,False,False,False
2025-04-21,FIDO MOBILE,-38.42,Utility,historical,April 2025,-38.42,-38.42,39,0.99,75.83,0.23,-38.42,0.0,0.0,False,False,False,False
2025-04-22,DOLLARAMA WINDSOR,-1.21,Shopping,historical,April 2025,-27.82,-27.82,0,27.82,75.83,0.23,-6.21,6.9,0.72,False,True,False,True
2025-04-22,SK GROCERS WINDSOR,-13.96,Grocery,historical,April 2025,-59.74,-59.74,110,0.54,75.83,0.23,-11.95,10.09,-0.2,False,False,False,False
2025-04-22,PAAN BANARAS CAFE WINDSOR,-5.65,Food,historical,April 2025,-17.51,-65.64,120,0.55,75.83,0.23,-9.53,11.55,0.34,False,False,False,False
2025-04-23,UBER CANADAUBEREATS TORONTO,-48.13,Food,historical,April 2025,-65.64,-65.64,120,0.55,75.83,0.23,-13.13,19.59,-1.79,False,False,False,False
2025-04-24,GRAB GO MINI MART WINDSOR,-7.8,Other,historical,April 2025,-306.61,-332.61,100,3.33,75.83,0.23,-62.06,123.28,0.44,False,True,False,True
2025-04-28,THE LIQUID LIBRARY WINDSOR,-26.0,Other,historical,April 2025,-332.61,-332.61,100,3.33,75.83,0.23,-66.52,121.02,0.33,False,True,False,True
2025-05-05,DOLLARAMA WINDSOR,-16.89,Shopping,historical,May 2025,-16.89,-68.04,0,68.04,26.69,0.14,-8.94,8.03,-0.99,False,True,False,True
2025-05-05,PREAUTHORIZED PAYMENT THANK YOU,348.34,Bills,historical,May 2025,348.34,1819.34,300,6.06,26.69,0.14,298.79,122.21,0.41,False,True,False,True
2025-05-06,TIM HORTONS WINDSOR,-3.03,Food,historical,May 2025,-3.03,-36.78,120,0.31,26.69,0.14,-13.11,19.6,0.51,False,False,False,False
2025-05-06,TORONTO PARKING AUTHORITY TORONTO,-4.25,Other,historical,May 2025,-4.25,-915.36,100,9.15,26.69,0.14,-66.59,120.98,0.52,False,True,False,True
2025-05-06,ONROUTE DUTTON,-9.24,trip,historical,May 2025,-9.24,-576.06,10,57.61,26.69,0.14,-7.6,2.31,-0.71,False,True,False,True
2025-05-06,TIM HORTONS INGERSOLL,-6.76,Food,historical,May 2025,-9.79,-36.78,120,0.31,26.69,0.14,-13.66,19.32,0.36,False,False,False,False
2025-05-07,UBER CANADAUBEREATS TORONTO,-20.51,Food,historical,May 2025,-30.3,-36.78,120,0.31,26.69,0.14,-16.82,18.78,-0.2,False,False,False,False
2025-05-07,UBER CANADA TORONTO,20.51,Food,historical,May 2025,-9.79,-36.78,120,0.31,26.69,0.14,-11.58,25.21,1.27,False,False,False,False
2025-05-12,WALMARTCA MISSISSAUGA,-85.23,Grocery,historical,May 2025,-85.23,-157.99,110,1.44,26.69,0.14,-28.38,32.97,-1.72,False,True,False,True
2025-05-15,CAMPBELL VARIETY WINDSOR,-7.05,Other,historical,May 2025,-11.3,-915.36,100,9.15,26.69,0.14,-11.5,8.62,0.52,False,True,False,True
2025-05-15,WESTJET CALGARY,-566.82,trip,historical,May 2025,-576.06,-576.06,10,57.61,26.69,0.14,-194.01,322.87,-1.15,False,True,False,True
2025-05-15,FLAIR DIREC SYEN EDMONTON INTE,-904.06,Other,historical,May 2025,-915.36,-915.36,100,9.15,26.69,0.14,-189.83,399.36,-1.79,False,True,False,True
2025-05-16,HM CA WINDSOR,-28.24,Shopping,historical,May 2025,-45.13,-68.04,0,68.04,26.69,0.14,-14.13,10.62,-1.33,False,True,False,True
2025-05-20,PAYMENT THANK YOUPAIEMEN T MERCI,1471.0,Bills,historical,May 2025,1819.34,1819.34,300,6.06,26.69,0.14,504.99,548.01,1.76,False,True,False,True
2025-05-20,WALMARTCA MISSISSAUGA,-51.76,Grocery,historical,May 2025,-136.99,-157.99,110,1.44,26.69,0.14,-37.58,31.46,-0.45,False,True,False,True
2025-05-20,FIDO MOBILE,-38.42,Utility,historical,May 2025,-38.42,-38.42,39,0.99,26.69,0.14,-38.42,0.0,0.0,False,False,False,False
2025-05-21,FRESHCO WINDSOR,-21.0,Grocery,historical,May 2025,-157.99,-157.99,110,1.44,26.69,0.14,-40.09,28.96,0.66,False,True,False,True
2025-05-21,AMAZONCANZVJ AMAZONCA,-9.89,Shopping,historical,May 2025,-55.02,-68.04,0,68.04,26.69,0.14,-14.86,10.06,0.49,False,True,False,True
2025-05-27,SHOPPERS DRUG MART WINDSOR,-13.02,Shopping,historical,May 2025,-68.04,-68.04,0,68.04,26.69,0.14,-13.85,9.91,0.08,False,True,False,True
2025-05-28,MCDONALDS WINDSOR,-1.05,Food,historical,May 2025,-10.84,-36.78,120,0.31,26.69,0.14,-2.17,14.78,0.08,False,False,False,False
2025-05-28,DDDOORDASHTHEMOMOLICI VANCOUVER,-25.94,Food,historical,May 2025,-36.78,-36.78,120,0.31,26.69,0.14,-6.75,18.26,-1.05,False,False,False,False
2025-06-02,BHULLARS INDIAN FOOD MAR WINDSOR,-5.0,Food,historical,June 2025,-5.0,-642.52,120,5.35,-2321.22,0.26,-6.4,18.27,0.08,False,True,False,True
2025-06-02,BHULLARS INDIAN FOOD MAR WINDSOR,-10.31,Food,historical,June 2025,-15.31,-642.52,120,5.35,-2321.22,0.26,-4.36,16.82,-0.35,False,True,False,True
2025-06-03,SP CANADIAN CAPS AND WINDSOR,-49.0,Other,historical,June 2025,-49.0,-1678.77,100,16.79,-2321.22,0.26,-198.07,395.07,0.38,False,True,False,True
2025-06-03,SK GROCERS WINDSOR,-16.54,Grocery,historical,June 2025,-16.54,-20.65,110,0.19,-2321.22,0.26,-37.7,30.61,0.69,False,False,False,False
2025-06-04,BIRD PENDINGBIRDCO VANCOUVER,-11.01,Other,historical,June 2025,-60.01,-1678.77,100,16.79,-2321.22,0.26,-195.07,396.75,0.46,False,True,False,True
2025-06-04,BIRD PENDINGBIRDCO VANCOUVER,-3.73,Other,historical,June 2025,-63.74,-1678.77,100,16.79,-2321.22,0.26,-194.97,396.81,0.48,False,True,False,True
2025-06-04,PREAUTHORIZED PAYMENT THANK YOU,310.71,Bills,historical,June 2025,310.71,1950.7,300,6.5,-2321.22,0.26,546.02,517.46,-0.45,False,True,False,True
2025-06-04,AMAZONCANRYE AMAZONCA,-41.87,Shopping,historical,June 2025,-41.87,-640.16,0,640.16,-2321.22,0.26,-21.98,13.11,-1.52,False,True,False,True
2025-06-04,BIRD RIDE PASS VANCOUVER,-16.94,Other,historical,June 2025,-80.68,-1678.77,100,16.79,-2321.22,0.26,-196.95,395.67,0.45,False,True,False,True
2025-06-05,CABELLO HAIR INC WINDSOR,-67.32,Other,historical,June 2025,-148.0,-1678.77,100,16.79,-2321.22,0.26,-29.6,27.27,-1.38,False,True,False,True
2025-06-05,THE KEG RIVERSIDE WINDSOR,-56.53,Other,historical,June 2025,-204.53,-1678.77,100,16.79,-2321.22,0.26,-31.11,28.77,-0.88,False,True,False,True
2025-06-05,UBER CANADAUBERTRIP TORONTO,-27.81,Food,historical,June 2025,-43.12,-642.52,120,5.35,-2321.22,0.26,-14.02,12.2,-1.13,False,True,False,True
2025-06-05,SQ UNIVERSITY OF W WINDSOR,-16.95,Other,historical,June 2025,-221.48,-1678.77,100,16.79,-2321.22,0.26,-32.29,27.84,0.55,False,True,False,True
2025-06-05,RIVER ROOM RESTAURANT WINDSOR,-266.4,Food,historical,June 2025,-309.52,-642.52,120,5.35,-2321.22,0.26,-67.09,111.85,-1.78,False,True,False,True
2025-06-06,CASHBACKREMISE EN ARGENT,29.17,cashback,historical,June 2025,29.17,29.17,10,2.92,-2321.22,0.26,22.83,5.52,1.15,False,True,False,True
2025-06-06,ONROUTE DUTTON,-16.98,trip,historical,June 2025,-16.98,-1280.57,10,128.06,-2321.22,0.26,-149.75,278.08,0.48,False,True,False,True
2025-06-06,PN POINT PELEE NPGATES LEAMINGTON,-17.5,Other,historical,June 2025,-238.98,-1678.77,100,16.79,-2321.22,0.26,-35.05,24.83,0.71,False,True,False,True
2025-06-09,HM HENNES MAURITZ INC TORONTO,-42.36,Shopping,historical,June 2025,-84.23,-640.16,0,640.16,-2321.22,0.26,-27.08,15.38,-0.99,False,True,False,True
2025-06-10,MARSHALLS BRAMPTON,-119.77,Other,historical,June 2025,-358.75,-1678.77,100,16.79,-2321.22,0.26,-55.61,42.43,-1.51,False,True,False,True
2025-06-10,ARDEN BRAMPTON,-51.76,Shopping,historical,June 2025,-135.99,-640.16,0,640.16,-2321.22,0.26,-31.78,19.0,-1.05,False,True,False,True
2025-06-10,DOLLARAMA MISSISSAUGA,-1.05,Shopping,historical,June 2025,-137.04,-640.16,0,640.16,-2321.22,0.26,-30.01,21.76,1.33,False,True,False,True
2025-06-10,DOLLARAMA BRAMPTON,-67.44,Shopping,historical,June 2025,-204.48,-640.16,0,640.16,-2321.22,0.26,-40.9,24.56,-1.08,False,True,False,True
2025-06-11,HORNBLOWER NIAGARA CRU NIAGARA FALLS,-388.32,trip,historical,June 2025,-405.3,-1280.57,10,128.06,-2321.22,0.26,-197.47,263.4,-0.72,False,True,False,True
2025-06-12,TIM HORTONS TORONTO,-13.62,Food,historical,June 2025,-323.14,-642.52,120,5.35,-2321.22,0.26,-64.63,113.11,0.45,False,True,False,True
2025-06-12,RIPLEYS AQUARIUM TORONTO,-138.99,Other,historical,June 2025,-497.74,-1678.77,100,16.79,-2321.22,0.26,-69.95,56.98,-1.21,False,True,False,True
2025-06-12,BEAVERTAILS NIAGARA FALLS NIAGARA FALLS,-9.16,trip,historical,June 2025,-414.46,-1280.57,10,128.06,-2321.22,0.26,-198.1,262.83,0.72,False,True,False,True
2025-06-12,NIAGARA ZIPLINE STARBUCKS NIAGARA FALLS,-10.23,trip,historical,June 2025,-424.69,-1280.57,10,128.06,-2321.22,0.26,-198.3,262.65,0.72,False,True,False,True
2025-06-12,CENTREVILLE ETOBICOKE,-13.25,Other,historical,June 2025,-510.99,-1678.77,100,16.79,-2321.22,0.26,-61.29,62.55,0.77,False,True,False,True
2025-06-17,PIZZA PIZZA WINNIPEG,-1.44,trip,historical,June 2025,-426.13,-1280.57,10,128.06,-2321.22,0.26,-85.23,169.52,0.49,False,True,False,True
2025-06-17,TIM HORTONS WINNIPEG,-7.79,Food,historical,June 2025,-330.93,-642.52,120,5.35,-2321.22,0.26,-65.19,112.75,0.51,False,True,False,True
2025-06-17,AMZN MKTP CANAIFHE WWWAMAZONCA,-20.99,Shopping,historical,June 2025,-225.47,-640.16,0,640.16,-2321.22,0.26,-36.72,26.08,0.6,False,True,False,True
2025-06-18,TIM HORTONS CALGARY,-10.93,Food,historical,June 2025,-341.86,-642.52,120,5.35,-2321.22,0.26,-65.31,112.67,0.48,False,True,False,True
2025-06-19,CALGARY TRANSIT CALGARY,-15.2,trip,historical,June 2025,-441.33,-1280.57,10,128.06,-2321.22,0.26,-84.87,169.71,0.41,False,True,False,True
2025-06-19,HERITAGE PARK CALGARY,-155.19,trip,historical,June 2025,-596.52,-1280.57,10,128.06,-2321.22,0.26,-38.24,65.56,-1.78,False,True,False,True
2025-06-19,UBER CANADAUBERTRIP TORONTO,-22.98,Food,historical,June 2025,-364.84,-642.52,120,5.35,-2321.22,0.26,-64.34,113.1,0.37,False,True,False,True
2025-06-19,CPA HERITAGE PARK CALGARY,-13.0,trip,historical,June 2025,-609.52,-1280.57,10,128.06,-2321.22,0.26,-39.01,65.16,0.4,False,True,False,True
2025-06-19,SQ LOCAL BARCLAY CALGARY,-64.61,trip,historical,June 2025,-674.13,-1280.57,10,128.06,-2321.22,0.26,-49.89,63.67,-0.23,False,True,False,True
2025-06-19,HERITAGE PARK CALGARY,-11.55,trip,historical,June 2025,-685.68,-1280.57,10,128.06,-2321.22,0.26,-51.91,61.88,0.65,False,True,False,True
2025-06-19,FIDO MOBILE,-38.42,Utility,historical,June 2025,-38.42,-38.42,39,0.99,-2321.22,0.26,-38.42,0.0,0.0,False,False,False,False
2025-06-19,YWG STARBUCKS WINNIPEG,-16.02,trip,historical,June 2025,-701.7,-1280.57,10,128.06,-2321.22,0.26,-52.07,61.76,0.58,False,True,False,True
2025-06-19,MCDONALDS CALGARY,-3.35,Food,historical,June 2025,-368.19,-642.52,120,5.35,-2321.22,0.26,-11.73,7.36,1.14,False,True,False,True
2025-06-19,OM CUISINE OF INDIA CALGARY,-49.34,trip,historical,June 2025,-751.04,-1280.57,10,128.06,-2321.22,0.26,-30.9,24.46,-0.75,False,True,False,True
2025-06-20,CALGARY TRANSIT CALGARY,-15.2,trip,historical,June 2025,-766.24,-1280.57,10,128.06,-2321.22,0.26,-31.34,24.07,0.67,False,True,False,True
2025-06-20,TIM HORTONS BANFF,-13.96,Food,historical,June 2025,-382.15,-642.52,120,5.35,-2321.22,0.26,-11.8,7.38,-0.29,False,True,False,True
2025-06-20,SHELL C BANFF,-45.63,trip,historical,June 2025,-811.87,-1280.57,10,128.06,-2321.22,0.26,-27.55,18.32,-0.99,False,True,False,True
2025-06-20,SHELL C BANFF,-0.37,trip,historical,June 2025,-812.24,-1280.57,10,128.06,-2321.22,0.26,-25.31,21.22,1.18,False,True,False,True
2025-06-23,TIM HORTONS JASPER,-32.08,Food,historical,June 2025,-414.23,-642.52,120,5.35,-2321.22,0.26,-16.66,11.12,-1.39,False,True,False,True
2025-06-23,THE CROSSING RESORT LAKE LOUISE,-21.59,Other,historical,June 2025,-532.58,-1678.77,100,16.79,-2321.22,0.26,-62.22,61.75,0.66,False,True,False,True
2025-06-23,TIM HORTONS JASPER,-20.2,Food,historical,June 2025,-434.43,-642.52,120,5.35,-2321.22,0.26,-18.51,10.69,-0.16,False,True,False,True
2025-06-23,WALMART SUPERCENTER CALGARY,-4.11,Grocery,historical,June 2025,-20.65,-20.65,110,0.19,-2321.22,0.26,-35.73,32.76,0.97,False,False,False,False
2025-06-23,BANFF EAST GATE BANFF,-22.0,trip,historical,June 2025,-834.24,-1280.57,10,128.06,-2321.22,0.26,-26.51,20.73,0.22,False,True,False,True
2025-06-23,SUPER MOTELS,-440.09,Other,historical,June 2025,-972.67,-1678.77,100,16.79,-2321.22,0.26,-146.74,173.44,-1.69,False,True,False,True
2025-06-23,TOWN OF BANFF BANFF,-7.0,trip,historical,June 2025,-841.24,-1280.57,10,128.06,-2321.22,0.26,-18.04,17.46,0.63,False,True,False,True
2025-06-24,SAFEWAY HINTON,-92.15,Other,historical,June 2025,-1064.82,-1678.77,100,16.79,-2321.22,0.26,-141.21,174.95,0.28,False,True,False,True
2025-06-24,AW KAMLOOPS,-46.67,Food,historical,June 2025,-481.1,-642.52,120,5.35,-2321.22,0.26,-23.25,16.72,-1.4,False,True,False,True
2025-06-24,BCF ONLINE SALES BOOK VICTORIA,-289.0,trip,historical,June 2025,-1130.24,-1280.57,10,128.06,-2321.22,0.26,-72.8,122.1,-1.77,False,True,False,True
2025-06-25,MCDONALDS QPS KELOWNA,-6.07,Food,historical,June 2025,-487.17,-642.52,120,5.35,-2321.22,0.26,-23.8,15.94,1.11,False,True,False,True
2025-06-25,TIM HORTONS KELOWNA,-6.45,Food,historical,June 2025,-493.62,-642.52,120,5.35,-2321.22,0.26,-22.29,17.38,0.91,False,True,False,True
2025-06-26,TIM HORTONS VICTORIA,-12.23,Food,historical,June 2025,-505.85,-642.52,120,5.35,-2321.22,0.26,-18.32,16.85,0.36,False,True,False,True
2025-06-26,SQ BC LTD VICTORIA,-6.82,trip,historical,June 2025,-1137.06,-1280.57,10,128.06,-2321.22,0.26,-65.04,125.45,0.46,False,True,False,True
2025-06-26,INDIGO PARK LOT VICTORIA,-6.0,trip,historical,June 2025,-1143.06,-1280.57,10,128.06,-2321.22,0.26,-66.16,124.75,0.48,False,True,False,True
2025-06-26,HERTZ RA ETOBICOKE,-191.68,Other,historical,June 2025,-1256.5,-1678.77,100,16.79,-2321.22,0.26,-151.75,176.36,-0.23,False,True,False,True
2025-06-26,PAYMENT THANK YOUPAIEMEN T MERCI,1639.99,Bills,historical,June 2025,1950.7,1950.7,300,6.5,-2321.22,0.26,814.01,679.75,1.22,False,True,False,True
2025-06-26,BUTTERFLY GARDENS BRENTWOOD BAY,-75.6,Shopping,historical,June 2025,-301.07,-640.16,0,640.16,-2321.22,0.26,-43.37,31.55,-1.02,False,True,False,True
2025-06-26,BCF COASTAL CELEBRATION VICTORIA,-12.68,trip,historical,June 2025,-1155.74,-1280.57,10,128.06,-2321.22,0.26,-64.3,125.64,0.41,False,True,False,True
2025-06-27,DELHI FUSION INDIAN CUISI VANCOUVER,-43.4,Food,historical,June 2025,-549.25,-642.52,120,5.35,-2321.22,0.26,-22.96,20.33,-1.01,False,True,False,True
2025-06-27,BEST WESTERN PLUS BURN BURNABY,-338.26,Other,historical,June 2025,-1594.76,-1678.77,100,16.79,-2321.22,0.26,-216.75,172.4,-0.7,False,True,False,True
2025-06-27,BCF VANIS SPIRIT OF VICTORIA,-6.08,trip,historical,June 2025,-1161.82,-1280.57,10,128.06,-2321.22,0.26,-64.12,125.74,0.46,False,True,False,True
2025-06-27,QUESADA BURRITOS AND TACO VANCOUVER,-12.48,Other,historical,June 2025,-1607.24,-1678.77,100,16.79,-2321.22,0.26,-214.93,175.01,1.16,False,True,False,True
2025-06-27,PENINSULA COOP WALE ROAD VICTORIA,-50.0,trip,historical,June 2025,-1211.82,-1280.57,10,128.06,-2321.22,0.26,-16.32,19.03,-1.77,False,True,False,True
2025-06-30,STRIVERS VENDING WHITBY,-2.5,Other,historical,June 2025,-1609.74,-1678.77,100,16.79,-2321.22,0.26,-127.41,140.22,0.89,False,True,False,True
2025-06-30,VERSILIA SCANADALTD TORONTO,-17.19,Other,historical,June 2025,-1626.93,-1678.77,100,16.79,-2321.22,0.26,-112.42,148.68,0.64,False,True,False,True
2025-06-30,DOLLARAMA BRAMPTON,-16.95,Shopping,historical,June 2025,-318.02,-640.16,0,640.16,-2321.22,0.26,-36.41,33.04,0.59,False,True,False,True
2025-06-30,STRIVERS VENDING WHITBY,-5.5,Other,historical,June 2025,-1632.43,-1678.77,100,16.79,-2321.22,0.26,-75.19,147.18,0.47,False,True,False,True
2025-06-30,STARBUCKS PIER A VANCOUVER,-15.49,Food,historical,June 2025,-564.74,-642.52,120,5.35,-2321.22,0.26,-16.73,15.43,0.08,False,True,False,True
2025-06-30,EXECUTIVE AIRPORT PLAZA H RICHMOND,-288.92,Shopping,historical,June 2025,-606.94,-640.16,0,640.16,-2321.22,0.26,-93.98,112.14,-1.74,False,True,False,True
2025-06-30,CHV WESTMINST RICHMOND,-33.22,Shopping,historical,June 2025,-640.16,-640.16,0,640.16,-2321.22,0.26,-87.14,115.17,0.47,False,True,False,True
2025-06-30,AMAZONCA PRIME MEMBER AMAZONCAPRI,111.87,Shopping,historical,June 2025,-528.29,-640.16,0,640.16,-2321.22,0.26,-60.56,145.56,1.18,False,True,False,True
2025-06-30,PARKVICTORIA VICTORIA,-6.25,trip,historical,June 2025,-1218.07,-1280.57,10,128.06,-2321.22,0.26,-16.2,19.11,0.52,False,True,False,True
2025-06-30,FLYOVER CANADA ONLINE WWWNONECOM,-36.75,Other,historical,June 2025,-1669.18,-1678.77,100,16.79,-2321.22,0.26,-14.88,13.52,-1.62,False,True,False,True
2025-06-30,INDIAN OVEN VANCOUVER,-74.75,Food,historical,June 2025,-639.49,-642.52,120,5.35,-2321.22,0.26,-30.46,28.56,-1.55,False,True,False,True
2025-06-30,INDIGO PARKRESERVATIO VANCOUVER,-9.59,Other,historical,June 2025,-1678.77,-1678.77,100,16.79,-2321.22,0.26,-14.31,13.7,0.34,False,True,False,True
2025-06-30,SAWMILL TAPHOUSE GRILL VICTORIA,-62.5,trip,historical,June 2025,-1280.57,-1280.57,10,128.06,-2321.22,0.26,-27.5,26.75,-1.31,False,True,False,True
2025-06-30,AMAZONCA PRIME MEMBER AMAZONCAPRI,-111.87,Shopping,historical,June 2025,-640.16,-640.16,0,640.16,-2321.22,0.26,-67.82,147.39,-0.3,False,True,False,True
2025-06-30,MCDONALDS VANCOUVER,-3.03,Food,historical,June 2025,-642.52,-642.52,120,5.35,-2321.22,0.26,-29.78,29.31,0.91,False,True,False,True
2025-07-02,CASHBACKREMISE EN ARGENT,25.38,cashback,historical,July 2025,25.38,25.38,10,2.54,-355.56,0.0,22.9,5.56,0.45,False,True,False,True
2025-07-11,MCDONALDS WINDSOR,-3.76,Food,historical,July 2025,-3.76,-68.58,120,0.57,-355.56,0.0,-28.09,30.78,0.79,False,False,False,False
2025-07-14,AMZN MKTP CANRYAS WWWAMAZONCA,-66.64,Shopping,historical,July 2025,-66.64,-178.16,0,178.16,-355.56,0.0,-77.76,144.76,0.08,False,True,False,True
2025-07-14,DDDOORDASHINDIANSWAAD VANCOUVER,-28.29,Food,historical,July 2025,-32.05,-68.58,120,0.57,-355.56,0.0,-25.06,29.62,-0.11,False,False,False,False
2025-07-15,UBER CANADAUBEREATS TORONTO,-15.56,Food,historical,July 2025,-47.61,-68.58,120,0.57,-355.56,0.0,-25.08,29.62,0.32,False,False,False,False
2025-07-16,POPEYES WINDSOR,-5.97,Food,historical,July 2025,-53.58,-68.58,120,0.57,-355.56,0.0,-11.32,10.73,0.5,False,False,False,False
2025-07-21,FIDO MOBILE,-51.13,Utility,historical,July 2025,-51.13,-51.13,39,1.31,-355.56,0.0,-40.96,5.68,-1.79,False,True,False,True
2025-07-23,DOLLAR TREE WINDSOR,-10.17,Shopping,historical,July 2025,-76.81,-178.16,0,178.16,-355.56,0.0,-22.01,84.05,0.14,False,True,False,True
2025-07-23,SHOPPERS DRUG MART WINDSOR,-66.67,Shopping,historical,July 2025,-143.48,-178.16,0,178.16,-355.56,0.0,-28.7,86.46,-0.44,False,True,False,True
2025-07-23,SK GROCERS WINDSOR,-3.98,Grocery,historical,July 2025,-3.98,-83.07,110,0.76,-355.56,0.0,-19.48,19.55,0.79,False,False,False,False
2025-07-23,DOLLARAMA WINDSOR,-2.17,Shopping,historical,July 2025,-145.65,-178.16,0,178.16,-355.56,0.0,-51.5,45.4,1.09,False,True,False,True
2025-07-23,HM CA WINDSOR,-32.51,Shopping,historical,July 2025,-178.16,-178.16,0,178.16,-355.56,0.0,-35.63,30.42,0.1,False,True,False,True
2025-07-24,CHICKFILA DEVONSHIRE FS WINDSOR,-15.0,Food,historical,July 2025,-68.58,-68.58,120,0.57,-355.56,0.0,-13.72,9.7,-0.13,False,False,False,False
2025-07-25,FRESHCO WINDSOR,-38.26,Grocery,historical,July 2025,-42.24,-83.07,110,0.76,-355.56,0.0,-16.78,14.17,-1.52,False,False,False,False
2025-07-31,WALMARTCA MISSISSAUGA,-40.83,Grocery,historical,July 2025,-83.07,-83.07,110,0.76,-355.56,0.0,-20.74,17.93,-1.12,False,False,False,False
2025-08-01,UBER CANADAUBEREATS TORONTO,-41.79,Food,historical,August 2025,-41.79,-71.3,120,0.59,2429.89,0.18,-21.32,13.93,-1.47,False,False,False,False
2025-08-01,PREAUTHORIZED PAYMENT THANK YOU,2912.62,Bills,historical,August 2025,2912.62,2912.62,300,9.71,2429.89,0.18,1336.53,1075.06,1.47,False,True,False,True
2025-08-05,DOLLARAMA WINDSOR,-1.48,Shopping,historical,August 2025,-1.48,-50.07,0,50.07,2429.89,0.18,-22.6,27.65,0.76,False,True,False,True
2025-08-07,HM CA WINDSOR,-16.94,Shopping,historical,August 2025,-18.42,-50.07,0,50.07,2429.89,0.18,-23.95,27.05,0.26,False,True,False,True
2025-08-11,DOLLARAMA FERGUS,-6.5,Shopping,historical,August 2025,-24.92,-50.07,0,50.07,2429.89,0.18,-11.92,13.06,0.42,False,True,False,True
2025-08-12,DOORDASHDASHPASS DOWNTOWN TORO,-11.29,Food,historical,August 2025,-53.08,-71.3,120,0.59,2429.89,0.18,-17.92,13.88,0.48,False,False,False,False
2025-08-12,DOLLARAMA WINDSOR,-7.63,Shopping,historical,August 2025,-32.55,-50.07,0,50.07,2429.89,0.18,-13.01,12.25,0.44,False,True,False,True
2025-08-13,WALMARTCA MISSISSAUGA,4.94,Grocery,historical,August 2025,4.94,-74.3,110,0.68,2429.89,0.18,-16.45,21.42,1.0,False,False,False,False
2025-08-13,WALMARTCA MISSISSAUGA,-38.05,Grocery,historical,August 2025,-33.11,-74.3,110,0.68,2429.89,0.18,-23.24,21.91,-0.68,False,False,False,False
2025-08-15,SUBWAY WINDSOR,-5.64,Other,historical,August 2025,-5.64,-248.64,100,2.49,2429.89,0.18,-14.93,13.09,0.71,False,True,False,True
2025-08-18,WALMARTCA MISSISSAUGA,-41.19,Grocery,historical,August 2025,-74.3,-74.3,110,0.68,2429.89,0.18,-30.68,19.96,-0.53,False,False,False,False
2025-08-19,CHATHAMKENT TORONTO,-240.0,Other,historical,August 2025,-245.64,-248.64,100,2.49,2429.89,0.18,-59.5,101.74,-1.77,False,True,False,True
2025-08-19,TERANET POA HANDLING FEE TORONTO,-3.0,Other,historical,August 2025,-248.64,-248.64,100,2.49,2429.89,0.18,-59.0,102.08,0.55,False,True,False,True
2025-08-19,FIDO MOBILE,-38.42,Utility,historical,August 2025,-38.42,-38.42,39,0.99,2429.89,0.18,-40.96,5.68,0.45,False,False,False,False
2025-08-21,UBER CANADAUBEREATS TORONTO,-11.81,Food,historical,August 2025,-64.89,-71.3,120,0.59,2429.89,0.18,-17.17,14.14,0.38,False,False,False,False
2025-08-21,POPEYES WINDSOR,-6.41,Food,historical,August 2025,-71.3,-71.3,120,0.59,2429.89,0.18,-17.26,14.05,0.77,False,False,False,False
2025-08-26,DOLLARAMA WINDSOR,-17.52,Shopping,historical,August 2025,-50.07,-50.07,0,50.07,2429.89,0.18,-10.01,6.99,-1.07,False,True,False,True
2025-09-02,CAW MARKET WINDSOR,-1.92,Grocery,historical,September 2025,-1.92,-177.57,110,1.61,-238.21,0.0,-23.41,22.91,0.94,False,True,False,True
2025-09-02,WALMARTCA MISSISSAUGA,-69.36,Grocery,historical,September 2025,-71.28,-177.57,110,1.61,-238.21,0.0,-29.12,30.6,-1.32,False,True,False,True
2025-09-02,DDDOORDASHINDIAPARADI VANCOUVER,-16.14,Food,historical,September 2025,-16.14,-33.53,120,0.28,-238.21,0.0,-17.49,14.02,0.1,False,False,False,False
2025-09-02,GAP OUTLET CANADA LASALLE,-27.11,Shopping,historical,September 2025,-27.11,-27.11,0,27.11,-238.21,0.0,-15.14,8.41,-1.42,False,True,False,True
2025-09-09,SK GROCERS,-10.47,Grocery,new,September 2025,-81.75,-177.57,110,1.61,-238.21,0.0,-32.2,26.86,0.81,False,True,False,True
2025-09-13,FRESHCO,-95.82,Grocery,new,September 2025,-177.57,-177.57,110,1.61,-238.21,0.0,-43.75,39.47,-1.32,False,True,False,True
2025-09-14,UBER CANADAUBEREATS,-17.39,Food,new,September 2025,-33.53,-33.53,120,0.28,-238.21,0.0,-12.61,4.36,-1.1,False,False,False,False
